20250908-10:56:34: Session FIX.4.4:CLIENT5->BROKER1 schedule is daily, 00:00:00-UTC - 23:59:59-UTC
20250908-10:56:34: Created session: FIX.4.4:CLIENT5->BROKER1
20250908-10:56:35: Configured socket addresses for session: [/192.168.0.37:9877]
20250908-10:56:35: MINA session created: local=/192.168.0.39:51691, class org.apache.mina.transport.socket.nio.NioSocketSession, remote=/192.168.0.37:9877
20250908-10:56:36: Initiated logon request
20250908-10:56:36: Received logon
20250908-10:57:33: Session FIX.4.4:CLIENT5->BROKER1 schedule is daily, 00:00:00-UTC - 23:59:59-UTC
20250908-10:57:33: Created session: FIX.4.4:CLIENT5->BROKER1
20250908-10:57:33: Configured socket addresses for session: [/192.168.0.37:9877]
20250908-10:57:34: MINA session created: local=/192.168.0.39:51718, class org.apache.mina.transport.socket.nio.NioSocketSession, remote=/192.168.0.37:9877
20250908-10:57:35: Initiated logon request
20250908-10:57:35: Received logon
20250908-10:57:46: Disconnecting: Socket exception (/192.168.0.37:9877): java.net.SocketException: Connection reset
20250908-10:57:49: java.net.ConnectException during connection to /192.168.0.37:9877: java.net.ConnectException: Connection refused: no further information (Next retry in 5000 milliseconds)
20250908-10:57:52: MINA session created: local=/192.168.0.39:51722, class org.apache.mina.transport.socket.nio.NioSocketSession, remote=/192.168.0.37:9877
20250908-10:57:52: Initiated logon request
20250908-10:57:53: Received logon
20250908-10:59:42: Session FIX.4.4:CLIENT5->BROKER1 schedule is daily, 00:00:00-UTC - 23:59:59-UTC
20250908-10:59:42: Created session: FIX.4.4:CLIENT5->BROKER1
20250908-10:59:42: Configured socket addresses for session: [/192.168.0.37:9877]
20250908-10:59:42: MINA session created: local=/192.168.0.39:51744, class org.apache.mina.transport.socket.nio.NioSocketSession, remote=/192.168.0.37:9877
20250908-10:59:44: Initiated logon request
20250908-10:59:44: Received logon
20250908-11:00:35: Session FIX.4.4:CLIENT5->BROKER1 schedule is daily, 00:00:00-UTC - 23:59:59-UTC
20250908-11:00:35: Created session: FIX.4.4:CLIENT5->BROKER1
20250908-11:00:35: Configured socket addresses for session: [/192.168.0.37:9877]
20250908-11:00:35: MINA session created: local=/192.168.0.39:51754, class org.apache.mina.transport.socket.nio.NioSocketSession, remote=/192.168.0.37:9877
20250908-11:00:36: Initiated logon request
20250908-11:00:36: Received logon
20250908-11:05:16: Session FIX.4.4:CLIENT5->BROKER1 schedule is daily, 00:00:00-UTC - 23:59:59-UTC
20250908-11:05:16: Created session: FIX.4.4:CLIENT5->BROKER1
20250908-11:05:17: Configured socket addresses for session: [/192.168.0.37:9877]
20250908-11:05:17: MINA session created: local=/192.168.0.39:51792, class org.apache.mina.transport.socket.nio.NioSocketSession, remote=/192.168.0.37:9877
20250908-11:05:18: Initiated logon request
20250908-11:05:18: Received logon
20250908-11:08:07: Disconnecting: Socket exception (/192.168.0.37:9877): java.net.SocketException: Connection reset
20250908-11:08:10: Pending connection not established after 2002 ms.
20250908-11:08:11: java.net.ConnectException during connection to /192.168.0.37:9877: java.net.ConnectException: Connection refused: no further information (Next retry in 5000 milliseconds)
20250908-11:08:15: java.net.ConnectException during connection to /192.168.0.37:9877: java.net.ConnectException: Connection refused: no further information (Next retry in 5000 milliseconds)
20250908-11:08:20: java.net.ConnectException during connection to /192.168.0.37:9877: java.net.ConnectException: Connection refused: no further information (Next retry in 5000 milliseconds)
20250908-11:08:25: java.net.ConnectException during connection to /192.168.0.37:9877: java.net.ConnectException: Connection refused: no further information (Next retry in 5000 milliseconds)
20250908-11:08:30: java.net.ConnectException during connection to /192.168.0.37:9877: java.net.ConnectException: Connection refused: no further information (Next retry in 5000 milliseconds)
20250908-11:08:36: java.net.ConnectException during connection to /192.168.0.37:9877: java.net.ConnectException: Connection refused: no further information (Next retry in 5000 milliseconds)
20250908-11:08:39: MINA session created: local=/192.168.0.39:51848, class org.apache.mina.transport.socket.nio.NioSocketSession, remote=/192.168.0.37:9877
20250908-11:08:39: Initiated logon request
20250908-11:08:39: Received logon
20250908-11:27:00: Session FIX.4.4:CLIENT5->BROKER1 schedule is daily, 00:00:00-UTC - 23:59:59-UTC
20250908-11:27:00: Created session: FIX.4.4:CLIENT5->BROKER1
20250908-11:27:00: Configured socket addresses for session: [/192.168.0.37:9877]
20250908-11:27:00: MINA session created: local=/192.168.0.39:52129, class org.apache.mina.transport.socket.nio.NioSocketSession, remote=/192.168.0.37:9877
20250908-11:27:02: Initiated logon request
20250908-11:27:02: Received logon
20250908-11:27:25: Reject sent for message 37: Unsupported Message Type
20250908-11:27:25: Reject sent for message 38: Unsupported Message Type
20250908-11:27:25: Reject sent for message 39: Unsupported Message Type
20250908-11:27:25: Reject sent for message 40: Unsupported Message Type
20250908-11:27:25: Reject sent for message 41: Unsupported Message Type
20250908-11:27:25: Reject sent for message 42: Unsupported Message Type
20250908-11:27:25: Reject sent for message 43: Unsupported Message Type
20250908-11:27:25: Reject sent for message 44: Unsupported Message Type
20250908-11:27:25: Reject sent for message 45: Unsupported Message Type
20250908-11:27:25: Reject sent for message 46: Unsupported Message Type
20250908-11:27:25: Reject sent for message 47: Unsupported Message Type
20250908-11:27:25: Reject sent for message 48: Unsupported Message Type
20250908-11:27:25: Reject sent for message 49: Unsupported Message Type
20250908-11:27:25: Reject sent for message 50: Unsupported Message Type
20250908-11:27:25: Reject sent for message 51: Unsupported Message Type
20250908-11:27:25: Reject sent for message 52: Unsupported Message Type
20250908-11:27:25: Reject sent for message 53: Unsupported Message Type
20250908-11:27:25: Reject sent for message 54: Unsupported Message Type
20250908-11:27:25: Reject sent for message 55: Unsupported Message Type
20250908-11:27:25: Reject sent for message 56: Unsupported Message Type
20250908-11:27:25: Reject sent for message 57: Unsupported Message Type
20250908-11:27:25: Reject sent for message 58: Unsupported Message Type
20250908-11:27:25: Reject sent for message 59: Unsupported Message Type
20250908-11:27:25: Reject sent for message 60: Unsupported Message Type
20250908-11:27:25: Reject sent for message 61: Unsupported Message Type
20250908-11:27:25: Reject sent for message 62: Unsupported Message Type
20250908-11:27:25: Reject sent for message 63: Unsupported Message Type
20250908-11:27:25: Reject sent for message 64: Unsupported Message Type
20250908-11:27:25: Reject sent for message 65: Unsupported Message Type
20250908-11:27:25: Reject sent for message 66: Unsupported Message Type
20250908-11:27:25: Reject sent for message 67: Unsupported Message Type
20250908-11:27:25: Reject sent for message 68: Unsupported Message Type
20250908-11:27:25: Reject sent for message 69: Unsupported Message Type
20250908-11:27:25: Reject sent for message 70: Unsupported Message Type
20250908-11:27:25: Reject sent for message 71: Unsupported Message Type
20250908-11:27:25: Reject sent for message 72: Unsupported Message Type
20250908-11:27:25: Reject sent for message 73: Unsupported Message Type
20250908-11:27:25: Reject sent for message 74: Unsupported Message Type
20250908-11:27:25: Reject sent for message 75: Unsupported Message Type
20250908-11:27:25: Reject sent for message 76: Unsupported Message Type
20250908-11:27:25: Reject sent for message 77: Unsupported Message Type
20250908-11:27:25: Reject sent for message 78: Unsupported Message Type
20250908-11:27:25: Reject sent for message 79: Unsupported Message Type
20250908-11:27:25: Reject sent for message 80: Unsupported Message Type
20250908-11:27:25: Reject sent for message 81: Unsupported Message Type
20250908-11:27:25: Reject sent for message 82: Unsupported Message Type
20250908-11:27:25: Reject sent for message 83: Unsupported Message Type
20250908-11:27:25: Reject sent for message 84: Unsupported Message Type
20250908-11:27:25: Reject sent for message 85: Unsupported Message Type
20250908-11:27:25: Reject sent for message 86: Unsupported Message Type
20250908-11:27:25: Reject sent for message 87: Unsupported Message Type
20250908-11:27:25: Reject sent for message 88: Unsupported Message Type
20250908-11:27:25: Reject sent for message 89: Unsupported Message Type
20250908-11:27:25: Reject sent for message 90: Unsupported Message Type
20250908-11:27:25: Reject sent for message 91: Unsupported Message Type
20250908-11:27:25: Reject sent for message 92: Unsupported Message Type
20250908-11:27:25: Reject sent for message 93: Unsupported Message Type
20250908-11:27:25: Reject sent for message 94: Unsupported Message Type
20250908-11:27:25: Reject sent for message 95: Unsupported Message Type
20250908-11:27:25: Reject sent for message 96: Unsupported Message Type
20250908-11:27:25: Reject sent for message 97: Unsupported Message Type
20250908-11:27:25: Reject sent for message 98: Unsupported Message Type
20250908-11:27:25: Reject sent for message 99: Unsupported Message Type
20250908-11:27:25: Reject sent for message 100: Unsupported Message Type
20250908-11:27:25: Reject sent for message 101: Unsupported Message Type
20250908-11:27:25: Reject sent for message 102: Unsupported Message Type
20250908-11:27:25: Reject sent for message 103: Unsupported Message Type
20250908-11:27:25: Reject sent for message 104: Unsupported Message Type
20250908-11:27:25: Reject sent for message 105: Unsupported Message Type
20250908-11:27:25: Reject sent for message 106: Unsupported Message Type
20250908-11:27:25: Reject sent for message 107: Unsupported Message Type
20250908-11:27:25: Reject sent for message 108: Unsupported Message Type
20250908-11:27:25: Reject sent for message 109: Unsupported Message Type
20250908-11:27:25: Reject sent for message 110: Unsupported Message Type
20250908-11:27:25: Reject sent for message 111: Unsupported Message Type
20250908-11:27:25: Reject sent for message 112: Unsupported Message Type
20250908-11:27:25: Reject sent for message 113: Unsupported Message Type
20250908-11:27:25: Reject sent for message 114: Unsupported Message Type
20250908-11:27:25: Reject sent for message 115: Unsupported Message Type
20250908-11:27:25: Reject sent for message 116: Unsupported Message Type
20250908-11:27:25: Reject sent for message 117: Unsupported Message Type
20250908-11:27:25: Reject sent for message 118: Unsupported Message Type
20250908-11:27:25: Reject sent for message 119: Unsupported Message Type
20250908-11:27:25: Reject sent for message 120: Unsupported Message Type
20250908-11:27:25: Reject sent for message 121: Unsupported Message Type
20250908-11:27:25: Reject sent for message 122: Unsupported Message Type
20250908-11:27:25: Reject sent for message 123: Unsupported Message Type
20250908-11:27:25: Reject sent for message 124: Unsupported Message Type
20250908-11:27:25: Reject sent for message 125: Unsupported Message Type
20250908-11:27:25: Reject sent for message 126: Unsupported Message Type
20250908-11:27:25: Reject sent for message 127: Unsupported Message Type
20250908-11:27:25: Reject sent for message 128: Unsupported Message Type
20250908-11:27:25: Reject sent for message 129: Unsupported Message Type
20250908-11:27:25: Reject sent for message 130: Unsupported Message Type
20250908-11:27:25: Reject sent for message 131: Unsupported Message Type
20250908-11:27:25: Reject sent for message 132: Unsupported Message Type
20250908-11:27:25: Reject sent for message 133: Unsupported Message Type
20250908-11:27:25: Reject sent for message 134: Unsupported Message Type
20250908-11:27:25: Reject sent for message 135: Unsupported Message Type
20250908-11:27:25: Reject sent for message 136: Unsupported Message Type
20250908-11:27:25: Reject sent for message 137: Unsupported Message Type
20250908-11:27:25: Reject sent for message 138: Unsupported Message Type
20250908-11:27:25: Reject sent for message 139: Unsupported Message Type
20250908-11:27:25: Reject sent for message 140: Unsupported Message Type
20250908-11:27:25: Reject sent for message 141: Unsupported Message Type
20250908-11:27:25: Reject sent for message 142: Unsupported Message Type
20250908-11:27:25: Reject sent for message 143: Unsupported Message Type
20250908-11:27:25: Reject sent for message 144: Unsupported Message Type
20250908-11:27:25: Reject sent for message 145: Unsupported Message Type
20250908-11:27:25: Reject sent for message 146: Unsupported Message Type
20250908-11:27:25: Reject sent for message 147: Unsupported Message Type
20250908-11:27:25: Reject sent for message 148: Unsupported Message Type
20250908-11:27:25: Reject sent for message 149: Unsupported Message Type
20250908-11:27:25: Reject sent for message 150: Unsupported Message Type
20250908-11:27:25: Reject sent for message 151: Unsupported Message Type
20250908-11:27:25: Reject sent for message 152: Unsupported Message Type
20250908-11:27:25: Reject sent for message 153: Unsupported Message Type
20250908-11:27:25: Reject sent for message 154: Unsupported Message Type
20250908-11:27:25: Reject sent for message 155: Unsupported Message Type
20250908-11:27:25: Reject sent for message 156: Unsupported Message Type
20250908-11:27:25: Reject sent for message 157: Unsupported Message Type
20250908-11:27:25: Reject sent for message 158: Unsupported Message Type
20250908-11:27:25: Reject sent for message 159: Unsupported Message Type
20250908-11:27:25: Reject sent for message 160: Unsupported Message Type
20250908-11:27:25: Reject sent for message 161: Unsupported Message Type
20250908-11:27:25: Reject sent for message 162: Unsupported Message Type
20250908-11:27:25: Reject sent for message 163: Unsupported Message Type
20250908-11:27:25: Reject sent for message 164: Unsupported Message Type
20250908-11:27:26: Reject sent for message 165: Unsupported Message Type
20250908-11:27:26: Reject sent for message 166: Unsupported Message Type
20250908-11:27:26: Reject sent for message 167: Unsupported Message Type
20250908-11:27:26: Reject sent for message 168: Unsupported Message Type
20250908-11:27:26: Reject sent for message 169: Unsupported Message Type
20250908-11:27:26: Reject sent for message 170: Unsupported Message Type
20250908-11:27:26: Reject sent for message 171: Unsupported Message Type
20250908-11:27:26: Reject sent for message 172: Unsupported Message Type
20250908-11:27:26: Reject sent for message 173: Unsupported Message Type
20250908-11:27:26: Reject sent for message 174: Unsupported Message Type
20250908-11:27:26: Reject sent for message 175: Unsupported Message Type
20250908-11:27:26: Reject sent for message 176: Unsupported Message Type
20250908-11:27:26: Reject sent for message 177: Unsupported Message Type
20250908-11:27:26: Reject sent for message 178: Unsupported Message Type
20250908-11:27:26: Reject sent for message 179: Unsupported Message Type
20250908-11:27:26: Reject sent for message 180: Unsupported Message Type
20250908-11:27:26: Reject sent for message 181: Unsupported Message Type
20250908-11:27:26: Reject sent for message 182: Unsupported Message Type
20250908-11:27:26: Reject sent for message 183: Unsupported Message Type
20250908-11:27:26: Reject sent for message 184: Unsupported Message Type
20250908-11:27:26: Reject sent for message 185: Unsupported Message Type
20250908-11:27:26: Reject sent for message 186: Unsupported Message Type
20250908-11:27:26: Reject sent for message 187: Unsupported Message Type
20250908-11:27:26: Reject sent for message 188: Unsupported Message Type
20250908-11:27:26: Reject sent for message 189: Unsupported Message Type
20250908-11:27:26: Reject sent for message 190: Unsupported Message Type
20250908-11:27:26: Reject sent for message 191: Unsupported Message Type
20250908-11:27:26: Reject sent for message 192: Unsupported Message Type
20250908-11:27:26: Reject sent for message 193: Unsupported Message Type
20250908-11:27:26: Reject sent for message 194: Unsupported Message Type
20250908-11:27:26: Reject sent for message 195: Unsupported Message Type
20250908-11:27:26: Reject sent for message 196: Unsupported Message Type
20250908-11:27:26: Reject sent for message 197: Unsupported Message Type
20250908-11:27:26: Reject sent for message 198: Unsupported Message Type
20250908-11:27:26: Reject sent for message 199: Unsupported Message Type
20250908-11:27:26: Reject sent for message 200: Unsupported Message Type
20250908-11:27:26: Reject sent for message 201: Unsupported Message Type
20250908-11:27:26: Reject sent for message 202: Unsupported Message Type
20250908-11:27:26: Reject sent for message 203: Unsupported Message Type
20250908-11:27:26: Reject sent for message 204: Unsupported Message Type
20250908-11:27:26: Reject sent for message 205: Unsupported Message Type
20250908-11:27:26: Reject sent for message 206: Unsupported Message Type
20250908-11:27:26: Reject sent for message 207: Unsupported Message Type
20250908-11:27:26: Reject sent for message 208: Unsupported Message Type
20250908-11:27:26: Reject sent for message 209: Unsupported Message Type
20250908-11:27:26: Reject sent for message 210: Unsupported Message Type
20250908-11:27:26: Reject sent for message 211: Unsupported Message Type
20250908-11:27:26: Reject sent for message 212: Unsupported Message Type
20250908-11:27:26: Reject sent for message 213: Unsupported Message Type
20250908-11:27:26: Reject sent for message 214: Unsupported Message Type
20250908-11:27:26: Reject sent for message 215: Unsupported Message Type
20250908-11:27:26: Reject sent for message 216: Unsupported Message Type
20250908-11:27:26: Reject sent for message 217: Unsupported Message Type
20250908-11:27:26: Reject sent for message 218: Unsupported Message Type
20250908-11:27:26: Reject sent for message 219: Unsupported Message Type
20250908-11:27:26: Reject sent for message 220: Unsupported Message Type
20250908-11:27:26: Reject sent for message 221: Unsupported Message Type
20250908-11:27:26: Reject sent for message 222: Unsupported Message Type
20250908-11:27:26: Reject sent for message 223: Unsupported Message Type
20250908-11:27:26: Reject sent for message 224: Unsupported Message Type
20250908-11:27:26: Reject sent for message 225: Unsupported Message Type
20250908-11:27:26: Reject sent for message 226: Unsupported Message Type
20250908-11:27:26: Reject sent for message 227: Unsupported Message Type
20250908-11:27:26: Reject sent for message 228: Unsupported Message Type
20250908-11:27:26: Reject sent for message 229: Unsupported Message Type
20250908-11:27:26: Reject sent for message 230: Unsupported Message Type
20250908-11:27:26: Reject sent for message 231: Unsupported Message Type
20250908-11:27:26: Reject sent for message 232: Unsupported Message Type
20250908-11:27:26: Reject sent for message 233: Unsupported Message Type
20250908-11:27:26: Reject sent for message 234: Unsupported Message Type
20250908-11:27:26: Reject sent for message 235: Unsupported Message Type
20250908-11:27:26: Reject sent for message 236: Unsupported Message Type
20250908-11:27:26: Reject sent for message 237: Unsupported Message Type
20250908-11:27:26: Reject sent for message 238: Unsupported Message Type
20250908-11:27:26: Reject sent for message 239: Unsupported Message Type
20250908-11:27:26: Reject sent for message 240: Unsupported Message Type
20250908-11:27:26: Reject sent for message 241: Unsupported Message Type
20250908-11:27:26: Reject sent for message 242: Unsupported Message Type
20250908-11:27:26: Reject sent for message 243: Unsupported Message Type
20250908-11:27:26: Reject sent for message 244: Unsupported Message Type
20250908-11:27:26: Reject sent for message 245: Unsupported Message Type
20250908-11:27:26: Reject sent for message 246: Unsupported Message Type
20250908-11:27:26: Reject sent for message 247: Unsupported Message Type
20250908-11:27:26: Reject sent for message 248: Unsupported Message Type
20250908-11:27:26: Reject sent for message 249: Unsupported Message Type
20250908-11:27:26: Reject sent for message 250: Unsupported Message Type
20250908-11:27:26: Reject sent for message 251: Unsupported Message Type
20250908-11:27:26: Reject sent for message 252: Unsupported Message Type
20250908-11:27:26: Reject sent for message 253: Unsupported Message Type
20250908-11:27:26: Reject sent for message 254: Unsupported Message Type
20250908-11:27:26: Reject sent for message 255: Unsupported Message Type
20250908-11:27:26: Reject sent for message 256: Unsupported Message Type
20250908-11:27:26: Reject sent for message 257: Unsupported Message Type
20250908-11:27:26: Reject sent for message 258: Unsupported Message Type
20250908-11:27:26: Reject sent for message 259: Unsupported Message Type
20250908-11:27:26: Reject sent for message 260: Unsupported Message Type
20250908-11:27:26: Reject sent for message 261: Unsupported Message Type
20250908-11:27:26: Reject sent for message 262: Unsupported Message Type
20250908-11:27:26: Reject sent for message 263: Unsupported Message Type
20250908-11:27:26: Reject sent for message 264: Unsupported Message Type
20250908-11:27:26: Reject sent for message 265: Unsupported Message Type
20250908-11:27:26: Reject sent for message 266: Unsupported Message Type
20250908-11:27:26: Reject sent for message 267: Unsupported Message Type
20250908-11:27:26: Reject sent for message 268: Unsupported Message Type
20250908-11:27:26: Reject sent for message 269: Unsupported Message Type
20250908-11:27:26: Reject sent for message 270: Unsupported Message Type
20250908-11:27:26: Reject sent for message 271: Unsupported Message Type
20250908-11:27:26: Reject sent for message 272: Unsupported Message Type
20250908-11:27:26: Reject sent for message 273: Unsupported Message Type
20250908-11:27:26: Reject sent for message 274: Unsupported Message Type
20250908-11:27:26: Reject sent for message 275: Unsupported Message Type
20250908-11:27:26: Reject sent for message 276: Unsupported Message Type
20250908-11:27:26: Reject sent for message 277: Unsupported Message Type
20250908-11:27:26: Reject sent for message 278: Unsupported Message Type
20250908-11:27:26: Reject sent for message 279: Unsupported Message Type
20250908-11:27:26: Reject sent for message 280: Unsupported Message Type
20250908-11:27:26: Reject sent for message 281: Unsupported Message Type
20250908-11:27:26: Reject sent for message 282: Unsupported Message Type
20250908-11:27:26: Reject sent for message 283: Unsupported Message Type
20250908-11:27:26: Reject sent for message 284: Unsupported Message Type
20250908-11:27:26: Reject sent for message 285: Unsupported Message Type
20250908-11:27:26: Reject sent for message 286: Unsupported Message Type
20250908-11:27:26: Reject sent for message 287: Unsupported Message Type
20250908-11:27:26: Reject sent for message 288: Unsupported Message Type
20250908-11:27:26: Reject sent for message 289: Unsupported Message Type
20250908-11:27:26: Reject sent for message 290: Unsupported Message Type
20250908-11:27:26: Reject sent for message 291: Unsupported Message Type
20250908-11:27:26: Reject sent for message 292: Unsupported Message Type
20250908-11:27:26: Reject sent for message 293: Unsupported Message Type
20250908-11:27:26: Reject sent for message 294: Unsupported Message Type
20250908-11:27:26: Reject sent for message 295: Unsupported Message Type
20250908-11:27:26: Reject sent for message 296: Unsupported Message Type
20250908-11:27:26: Reject sent for message 297: Unsupported Message Type
20250908-11:27:26: Reject sent for message 298: Unsupported Message Type
20250908-11:27:26: Reject sent for message 299: Unsupported Message Type
20250908-11:27:26: Reject sent for message 300: Unsupported Message Type
20250908-11:27:26: Reject sent for message 301: Unsupported Message Type
20250908-11:27:26: Reject sent for message 302: Unsupported Message Type
20250908-11:27:26: Reject sent for message 303: Unsupported Message Type
20250908-11:27:26: Reject sent for message 304: Unsupported Message Type
20250908-11:27:26: Reject sent for message 305: Unsupported Message Type
20250908-11:27:26: Reject sent for message 306: Unsupported Message Type
20250908-11:27:26: Reject sent for message 307: Unsupported Message Type
20250908-11:27:26: Reject sent for message 308: Unsupported Message Type
20250908-11:27:26: Reject sent for message 309: Unsupported Message Type
20250908-11:27:26: Reject sent for message 310: Unsupported Message Type
20250908-11:27:26: Reject sent for message 311: Unsupported Message Type
20250908-11:27:26: Reject sent for message 312: Unsupported Message Type
20250908-11:27:26: Reject sent for message 313: Unsupported Message Type
20250908-11:27:26: Reject sent for message 314: Unsupported Message Type
20250908-11:27:26: Reject sent for message 315: Unsupported Message Type
20250908-11:27:26: Reject sent for message 316: Unsupported Message Type
20250908-11:27:26: Reject sent for message 317: Unsupported Message Type
20250908-11:27:26: Reject sent for message 318: Unsupported Message Type
20250908-11:27:26: Reject sent for message 319: Unsupported Message Type
20250908-11:27:26: Reject sent for message 320: Unsupported Message Type
20250908-11:27:26: Reject sent for message 321: Unsupported Message Type
20250908-11:27:26: Reject sent for message 322: Unsupported Message Type
20250908-11:27:26: Reject sent for message 323: Unsupported Message Type
20250908-11:27:26: Reject sent for message 324: Unsupported Message Type
20250908-11:27:26: Reject sent for message 325: Unsupported Message Type
20250908-11:27:26: Reject sent for message 326: Unsupported Message Type
20250908-11:27:26: Reject sent for message 327: Unsupported Message Type
20250908-11:27:26: Reject sent for message 328: Unsupported Message Type
20250908-11:27:26: Reject sent for message 329: Unsupported Message Type
20250908-11:27:26: Reject sent for message 330: Unsupported Message Type
20250908-11:27:26: Reject sent for message 331: Unsupported Message Type
20250908-11:27:26: Reject sent for message 332: Unsupported Message Type
20250908-11:27:26: Reject sent for message 333: Unsupported Message Type
20250908-11:27:26: Reject sent for message 334: Unsupported Message Type
20250908-11:27:26: Reject sent for message 335: Unsupported Message Type
20250908-11:27:26: Reject sent for message 336: Unsupported Message Type
20250908-11:27:26: Reject sent for message 337: Unsupported Message Type
20250908-11:27:26: Reject sent for message 338: Unsupported Message Type
20250908-11:27:26: Reject sent for message 339: Unsupported Message Type
20250908-11:27:26: Reject sent for message 340: Unsupported Message Type
20250908-11:27:26: Reject sent for message 341: Unsupported Message Type
20250908-11:27:26: Reject sent for message 342: Unsupported Message Type
20250908-11:27:26: Reject sent for message 343: Unsupported Message Type
20250908-11:27:26: Reject sent for message 344: Unsupported Message Type
20250908-11:27:26: Reject sent for message 345: Unsupported Message Type
20250908-11:27:26: Reject sent for message 346: Unsupported Message Type
20250908-11:27:26: Reject sent for message 347: Unsupported Message Type
20250908-11:27:26: Reject sent for message 348: Unsupported Message Type
20250908-11:27:27: Reject sent for message 349: Unsupported Message Type
20250908-11:27:27: Reject sent for message 350: Unsupported Message Type
20250908-11:27:27: Reject sent for message 351: Unsupported Message Type
20250908-11:27:27: Reject sent for message 352: Unsupported Message Type
20250908-11:27:27: Reject sent for message 353: Unsupported Message Type
20250908-11:27:27: Reject sent for message 354: Unsupported Message Type
20250908-11:27:27: Reject sent for message 355: Unsupported Message Type
20250908-11:27:27: Reject sent for message 356: Unsupported Message Type
20250908-11:27:27: Reject sent for message 357: Unsupported Message Type
20250908-11:27:27: Reject sent for message 358: Unsupported Message Type
20250908-11:27:27: Reject sent for message 359: Unsupported Message Type
20250908-11:27:27: Reject sent for message 360: Unsupported Message Type
20250908-11:27:27: Reject sent for message 361: Unsupported Message Type
20250908-11:27:27: Reject sent for message 362: Unsupported Message Type
20250908-11:27:27: Reject sent for message 363: Unsupported Message Type
20250908-11:27:27: Reject sent for message 364: Unsupported Message Type
20250908-11:27:27: Reject sent for message 365: Unsupported Message Type
20250908-11:27:27: Reject sent for message 366: Unsupported Message Type
20250908-11:27:27: Reject sent for message 367: Unsupported Message Type
20250908-11:27:27: Reject sent for message 368: Unsupported Message Type
20250908-11:27:27: Reject sent for message 369: Unsupported Message Type
20250908-11:27:27: Reject sent for message 370: Unsupported Message Type
20250908-11:27:27: Reject sent for message 371: Unsupported Message Type
20250908-11:27:27: Reject sent for message 372: Unsupported Message Type
20250908-11:27:27: Reject sent for message 373: Unsupported Message Type
20250908-11:27:27: Reject sent for message 374: Unsupported Message Type
20250908-11:27:27: Reject sent for message 375: Unsupported Message Type
20250908-11:27:27: Reject sent for message 376: Unsupported Message Type
20250908-11:27:27: Reject sent for message 377: Unsupported Message Type
20250908-11:27:27: Reject sent for message 378: Unsupported Message Type
20250908-11:27:27: Reject sent for message 379: Unsupported Message Type
20250908-11:27:27: Reject sent for message 380: Unsupported Message Type
20250908-11:27:27: Reject sent for message 381: Unsupported Message Type
20250908-11:27:27: Reject sent for message 382: Unsupported Message Type
20250908-11:27:27: Reject sent for message 383: Unsupported Message Type
20250908-11:27:27: Reject sent for message 384: Unsupported Message Type
20250908-11:27:27: Reject sent for message 385: Unsupported Message Type
20250908-11:27:27: Reject sent for message 386: Unsupported Message Type
20250908-11:27:27: Reject sent for message 387: Unsupported Message Type
20250908-11:27:27: Reject sent for message 388: Unsupported Message Type
20250908-11:27:27: Reject sent for message 389: Unsupported Message Type
20250908-11:27:27: Reject sent for message 390: Unsupported Message Type
20250908-11:27:27: Reject sent for message 391: Unsupported Message Type
20250908-11:27:27: Reject sent for message 392: Unsupported Message Type
20250908-11:27:27: Reject sent for message 393: Unsupported Message Type
20250908-11:27:27: Reject sent for message 394: Unsupported Message Type
20250908-11:27:27: Reject sent for message 395: Unsupported Message Type
20250908-11:27:27: Reject sent for message 396: Unsupported Message Type
20250908-11:27:27: Reject sent for message 397: Unsupported Message Type
20250908-11:27:27: Reject sent for message 398: Unsupported Message Type
20250908-11:27:27: Reject sent for message 399: Unsupported Message Type
20250908-11:27:27: Reject sent for message 400: Unsupported Message Type
20250908-11:27:27: Reject sent for message 401: Unsupported Message Type
20250908-11:27:27: Reject sent for message 402: Unsupported Message Type
20250908-11:27:27: Reject sent for message 403: Unsupported Message Type
20250908-11:27:27: Reject sent for message 404: Unsupported Message Type
20250908-11:27:27: Reject sent for message 405: Unsupported Message Type
20250908-11:27:27: Reject sent for message 406: Unsupported Message Type
20250908-11:27:27: Reject sent for message 407: Unsupported Message Type
20250908-11:27:27: Reject sent for message 408: Unsupported Message Type
20250908-11:27:27: Reject sent for message 409: Unsupported Message Type
20250908-11:27:27: Reject sent for message 410: Unsupported Message Type
20250908-11:27:27: Reject sent for message 411: Unsupported Message Type
20250908-11:27:27: Reject sent for message 412: Unsupported Message Type
20250908-11:27:27: Reject sent for message 413: Unsupported Message Type
20250908-11:27:27: Reject sent for message 414: Unsupported Message Type
20250908-11:27:27: Reject sent for message 415: Unsupported Message Type
20250908-11:27:27: Reject sent for message 416: Unsupported Message Type
20250908-11:27:27: Reject sent for message 417: Unsupported Message Type
20250908-11:27:27: Reject sent for message 418: Unsupported Message Type
20250908-11:27:27: Reject sent for message 419: Unsupported Message Type
20250908-11:27:27: Reject sent for message 420: Unsupported Message Type
20250908-11:27:27: Reject sent for message 421: Unsupported Message Type
20250908-11:27:27: Reject sent for message 422: Unsupported Message Type
20250908-11:27:27: Reject sent for message 423: Unsupported Message Type
20250908-11:27:27: Reject sent for message 424: Unsupported Message Type
20250908-11:27:27: Reject sent for message 425: Unsupported Message Type
20250908-11:27:27: Reject sent for message 426: Unsupported Message Type
20250908-11:27:27: Reject sent for message 427: Unsupported Message Type
20250908-11:27:27: Reject sent for message 428: Unsupported Message Type
20250908-11:27:27: Reject sent for message 429: Unsupported Message Type
20250908-11:27:27: Reject sent for message 430: Unsupported Message Type
20250908-11:27:27: Reject sent for message 431: Unsupported Message Type
20250908-11:27:27: Reject sent for message 432: Unsupported Message Type
20250908-11:27:27: Reject sent for message 433: Unsupported Message Type
20250908-11:27:27: Reject sent for message 434: Unsupported Message Type
20250908-11:27:27: Reject sent for message 435: Unsupported Message Type
20250908-11:27:27: Reject sent for message 436: Unsupported Message Type
20250908-11:27:27: Reject sent for message 437: Unsupported Message Type
20250908-11:27:27: Reject sent for message 438: Unsupported Message Type
20250908-11:27:27: Reject sent for message 439: Unsupported Message Type
20250908-11:27:27: Reject sent for message 440: Unsupported Message Type
20250908-11:27:27: Reject sent for message 441: Unsupported Message Type
20250908-11:27:27: Reject sent for message 442: Unsupported Message Type
20250908-11:27:27: Reject sent for message 443: Unsupported Message Type
20250908-11:27:27: Reject sent for message 444: Unsupported Message Type
20250908-11:27:27: Reject sent for message 445: Unsupported Message Type
20250908-11:27:27: Reject sent for message 446: Unsupported Message Type
20250908-11:27:27: Reject sent for message 447: Unsupported Message Type
20250908-11:27:27: Reject sent for message 448: Unsupported Message Type
20250908-11:27:27: Reject sent for message 449: Unsupported Message Type
20250908-11:27:27: Reject sent for message 450: Unsupported Message Type
20250908-11:27:27: Reject sent for message 451: Unsupported Message Type
20250908-11:27:27: Reject sent for message 452: Unsupported Message Type
20250908-11:27:27: Reject sent for message 453: Unsupported Message Type
20250908-11:27:27: Reject sent for message 454: Unsupported Message Type
20250908-11:27:27: Reject sent for message 455: Unsupported Message Type
20250908-11:27:27: Reject sent for message 456: Unsupported Message Type
20250908-11:27:27: Reject sent for message 457: Unsupported Message Type
20250908-11:27:27: Reject sent for message 458: Unsupported Message Type
20250908-11:27:27: Reject sent for message 459: Unsupported Message Type
20250908-11:27:27: Reject sent for message 460: Unsupported Message Type
20250908-11:27:27: Reject sent for message 461: Unsupported Message Type
20250908-11:27:27: Reject sent for message 462: Unsupported Message Type
20250908-11:27:27: Reject sent for message 463: Unsupported Message Type
20250908-11:27:27: Reject sent for message 464: Unsupported Message Type
20250908-11:27:27: Reject sent for message 465: Unsupported Message Type
20250908-11:27:27: Reject sent for message 466: Unsupported Message Type
20250908-11:27:27: Reject sent for message 467: Unsupported Message Type
20250908-11:27:27: Reject sent for message 468: Unsupported Message Type
20250908-11:27:27: Reject sent for message 469: Unsupported Message Type
20250908-11:27:27: Reject sent for message 470: Unsupported Message Type
20250908-11:27:27: Reject sent for message 471: Unsupported Message Type
20250908-11:27:27: Reject sent for message 472: Unsupported Message Type
20250908-11:27:27: Reject sent for message 473: Unsupported Message Type
20250908-11:27:27: Reject sent for message 474: Unsupported Message Type
20250908-11:27:27: Reject sent for message 475: Unsupported Message Type
20250908-11:27:27: Reject sent for message 476: Unsupported Message Type
20250908-11:27:27: Reject sent for message 477: Unsupported Message Type
20250908-11:27:27: Reject sent for message 478: Unsupported Message Type
20250908-11:27:27: Reject sent for message 479: Unsupported Message Type
20250908-11:27:27: Reject sent for message 480: Unsupported Message Type
20250908-11:27:27: Reject sent for message 481: Unsupported Message Type
20250908-11:27:27: Reject sent for message 482: Unsupported Message Type
20250908-11:27:27: Reject sent for message 483: Unsupported Message Type
20250908-11:27:27: Reject sent for message 484: Unsupported Message Type
20250908-11:27:27: Reject sent for message 485: Unsupported Message Type
20250908-11:27:27: Reject sent for message 486: Unsupported Message Type
20250908-11:27:27: Reject sent for message 487: Unsupported Message Type
20250908-11:27:27: Reject sent for message 488: Unsupported Message Type
20250908-11:27:27: Reject sent for message 489: Unsupported Message Type
20250908-11:27:27: Reject sent for message 490: Unsupported Message Type
20250908-11:27:27: Reject sent for message 491: Unsupported Message Type
20250908-11:27:27: Reject sent for message 492: Unsupported Message Type
20250908-11:27:27: Reject sent for message 493: Unsupported Message Type
20250908-11:27:27: Reject sent for message 494: Unsupported Message Type
20250908-11:27:27: Reject sent for message 495: Unsupported Message Type
20250908-11:27:27: Reject sent for message 496: Unsupported Message Type
20250908-11:27:27: Reject sent for message 497: Unsupported Message Type
20250908-11:27:27: Reject sent for message 498: Unsupported Message Type
20250908-11:27:27: Reject sent for message 499: Unsupported Message Type
20250908-11:27:27: Reject sent for message 500: Unsupported Message Type
20250908-11:27:27: Reject sent for message 501: Unsupported Message Type
20250908-11:27:27: Reject sent for message 502: Unsupported Message Type
20250908-11:27:27: Reject sent for message 503: Unsupported Message Type
20250908-11:27:27: Reject sent for message 504: Unsupported Message Type
20250908-11:27:27: Reject sent for message 505: Unsupported Message Type
20250908-11:27:27: Reject sent for message 506: Unsupported Message Type
20250908-11:27:27: Reject sent for message 507: Unsupported Message Type
20250908-11:27:27: Reject sent for message 508: Unsupported Message Type
20250908-11:27:27: Reject sent for message 509: Unsupported Message Type
20250908-11:27:27: Reject sent for message 510: Unsupported Message Type
20250908-11:27:27: Reject sent for message 511: Unsupported Message Type
20250908-11:27:27: Reject sent for message 512: Unsupported Message Type
20250908-11:27:27: Reject sent for message 513: Unsupported Message Type
20250908-11:27:27: Reject sent for message 514: Unsupported Message Type
20250908-11:27:27: Reject sent for message 515: Unsupported Message Type
20250908-11:27:27: Reject sent for message 516: Unsupported Message Type
20250908-11:27:27: Reject sent for message 517: Unsupported Message Type
20250908-11:27:27: Reject sent for message 518: Unsupported Message Type
20250908-11:27:27: Reject sent for message 519: Unsupported Message Type
20250908-11:27:27: Reject sent for message 520: Unsupported Message Type
20250908-11:27:27: Reject sent for message 521: Unsupported Message Type
20250908-11:27:27: Reject sent for message 522: Unsupported Message Type
20250908-11:27:27: Reject sent for message 523: Unsupported Message Type
20250908-11:27:27: Reject sent for message 524: Unsupported Message Type
20250908-11:27:27: Reject sent for message 525: Unsupported Message Type
20250908-11:27:27: Reject sent for message 526: Unsupported Message Type
20250908-11:27:27: Reject sent for message 527: Unsupported Message Type
20250908-11:27:27: Reject sent for message 528: Unsupported Message Type
20250908-11:27:27: Reject sent for message 529: Unsupported Message Type
20250908-11:27:27: Reject sent for message 530: Unsupported Message Type
20250908-11:27:27: Reject sent for message 531: Unsupported Message Type
20250908-11:27:27: Reject sent for message 532: Unsupported Message Type
20250908-11:27:27: Reject sent for message 533: Unsupported Message Type
20250908-11:27:27: Reject sent for message 534: Unsupported Message Type
20250908-11:27:27: Reject sent for message 535: Unsupported Message Type
20250908-11:27:27: Reject sent for message 536: Unsupported Message Type
20250908-11:27:27: Reject sent for message 537: Unsupported Message Type
20250908-11:27:27: Reject sent for message 538: Unsupported Message Type
20250908-11:27:27: Reject sent for message 539: Unsupported Message Type
20250908-11:27:27: Reject sent for message 540: Unsupported Message Type
20250908-11:27:27: Reject sent for message 541: Unsupported Message Type
20250908-11:27:27: Reject sent for message 542: Unsupported Message Type
20250908-11:27:27: Reject sent for message 543: Unsupported Message Type
20250908-11:27:27: Reject sent for message 544: Unsupported Message Type
20250908-11:27:27: Reject sent for message 545: Unsupported Message Type
20250908-11:27:28: Reject sent for message 546: Unsupported Message Type
20250908-11:27:28: Reject sent for message 547: Unsupported Message Type
20250908-11:27:28: Reject sent for message 548: Unsupported Message Type
20250908-11:27:28: Reject sent for message 549: Unsupported Message Type
20250908-11:27:28: Reject sent for message 550: Unsupported Message Type
20250908-11:27:28: Reject sent for message 551: Unsupported Message Type
20250908-11:27:28: Reject sent for message 552: Unsupported Message Type
20250908-11:27:28: Reject sent for message 553: Unsupported Message Type
20250908-11:27:28: Reject sent for message 554: Unsupported Message Type
20250908-11:27:28: Reject sent for message 555: Unsupported Message Type
20250908-11:27:28: Reject sent for message 556: Unsupported Message Type
20250908-11:27:28: Reject sent for message 557: Unsupported Message Type
20250908-11:27:28: Reject sent for message 558: Unsupported Message Type
20250908-11:27:28: Reject sent for message 559: Unsupported Message Type
20250908-11:27:28: Reject sent for message 560: Unsupported Message Type
20250908-11:27:28: Reject sent for message 561: Unsupported Message Type
20250908-11:27:28: Reject sent for message 562: Unsupported Message Type
20250908-11:27:28: Reject sent for message 563: Unsupported Message Type
20250908-11:27:28: Reject sent for message 564: Unsupported Message Type
20250908-11:27:28: Reject sent for message 565: Unsupported Message Type
20250908-11:27:28: Reject sent for message 566: Unsupported Message Type
20250908-11:27:28: Reject sent for message 567: Unsupported Message Type
20250908-11:27:28: Reject sent for message 568: Unsupported Message Type
20250908-11:27:28: Reject sent for message 569: Unsupported Message Type
20250908-11:27:28: Reject sent for message 570: Unsupported Message Type
20250908-11:27:28: Reject sent for message 571: Unsupported Message Type
20250908-11:27:28: Reject sent for message 572: Unsupported Message Type
20250908-11:27:28: Reject sent for message 573: Unsupported Message Type
20250908-11:27:28: Reject sent for message 574: Unsupported Message Type
20250908-11:27:28: Reject sent for message 575: Unsupported Message Type
20250908-11:27:28: Reject sent for message 576: Unsupported Message Type
20250908-11:27:28: Reject sent for message 577: Unsupported Message Type
20250908-11:27:28: Reject sent for message 578: Unsupported Message Type
20250908-11:27:28: Reject sent for message 579: Unsupported Message Type
20250908-11:27:28: Reject sent for message 580: Unsupported Message Type
20250908-11:27:28: Reject sent for message 581: Unsupported Message Type
20250908-11:27:28: Reject sent for message 582: Unsupported Message Type
20250908-11:27:28: Reject sent for message 583: Unsupported Message Type
20250908-11:27:28: Reject sent for message 584: Unsupported Message Type
20250908-11:27:28: Reject sent for message 585: Unsupported Message Type
20250908-11:27:28: Reject sent for message 586: Unsupported Message Type
20250908-11:27:28: Reject sent for message 587: Unsupported Message Type
20250908-11:27:28: Reject sent for message 588: Unsupported Message Type
20250908-11:27:28: Reject sent for message 589: Unsupported Message Type
20250908-11:27:28: Reject sent for message 590: Unsupported Message Type
20250908-11:27:28: Reject sent for message 591: Unsupported Message Type
20250908-11:27:28: Reject sent for message 592: Unsupported Message Type
20250908-11:27:28: Reject sent for message 593: Unsupported Message Type
20250908-11:27:28: Reject sent for message 594: Unsupported Message Type
20250908-11:27:28: Reject sent for message 595: Unsupported Message Type
20250908-11:27:28: Reject sent for message 596: Unsupported Message Type
20250908-11:27:28: Reject sent for message 597: Unsupported Message Type
20250908-11:27:28: Reject sent for message 598: Unsupported Message Type
20250908-11:27:28: Reject sent for message 599: Unsupported Message Type
20250908-11:27:28: Reject sent for message 600: Unsupported Message Type
20250908-11:27:28: Reject sent for message 601: Unsupported Message Type
20250908-11:27:28: Reject sent for message 602: Unsupported Message Type
20250908-11:27:28: Reject sent for message 603: Unsupported Message Type
20250908-11:27:28: Reject sent for message 604: Unsupported Message Type
20250908-11:27:28: Reject sent for message 605: Unsupported Message Type
20250908-11:27:28: Reject sent for message 606: Unsupported Message Type
20250908-11:27:28: Reject sent for message 607: Unsupported Message Type
20250908-11:27:28: Reject sent for message 608: Unsupported Message Type
20250908-11:27:28: Reject sent for message 609: Unsupported Message Type
20250908-11:27:28: Reject sent for message 610: Unsupported Message Type
20250908-11:27:28: Reject sent for message 611: Unsupported Message Type
20250908-11:27:28: Reject sent for message 612: Unsupported Message Type
20250908-11:27:28: Reject sent for message 613: Unsupported Message Type
20250908-11:27:28: Reject sent for message 614: Unsupported Message Type
20250908-11:27:28: Reject sent for message 615: Unsupported Message Type
20250908-11:27:28: Reject sent for message 616: Unsupported Message Type
20250908-11:27:28: Reject sent for message 617: Unsupported Message Type
20250908-11:27:28: Reject sent for message 618: Unsupported Message Type
20250908-11:27:28: Reject sent for message 619: Unsupported Message Type
20250908-11:27:28: Reject sent for message 620: Unsupported Message Type
20250908-11:27:28: Reject sent for message 621: Unsupported Message Type
20250908-11:27:28: Reject sent for message 622: Unsupported Message Type
20250908-11:27:28: Reject sent for message 623: Unsupported Message Type
20250908-11:27:28: Reject sent for message 624: Unsupported Message Type
20250908-11:27:28: Reject sent for message 625: Unsupported Message Type
20250908-11:27:28: Reject sent for message 626: Unsupported Message Type
20250908-11:27:28: Reject sent for message 627: Unsupported Message Type
20250908-11:27:28: Reject sent for message 628: Unsupported Message Type
20250908-11:27:28: Reject sent for message 629: Unsupported Message Type
20250908-11:27:28: Reject sent for message 630: Unsupported Message Type
20250908-11:27:28: Reject sent for message 631: Unsupported Message Type
20250908-11:27:28: Reject sent for message 632: Unsupported Message Type
20250908-11:27:28: Reject sent for message 633: Unsupported Message Type
20250908-11:27:28: Reject sent for message 634: Unsupported Message Type
20250908-11:27:28: Reject sent for message 635: Unsupported Message Type
20250908-11:27:28: Reject sent for message 636: Unsupported Message Type
20250908-11:27:28: Reject sent for message 637: Unsupported Message Type
20250908-11:27:28: Reject sent for message 638: Unsupported Message Type
20250908-11:27:28: Reject sent for message 639: Unsupported Message Type
20250908-11:27:28: Reject sent for message 640: Unsupported Message Type
20250908-11:27:28: Reject sent for message 641: Unsupported Message Type
20250908-11:27:28: Reject sent for message 642: Unsupported Message Type
20250908-11:27:28: Reject sent for message 643: Unsupported Message Type
20250908-11:27:28: Reject sent for message 644: Unsupported Message Type
20250908-11:27:28: Reject sent for message 645: Unsupported Message Type
20250908-11:27:28: Reject sent for message 646: Unsupported Message Type
20250908-11:27:28: Reject sent for message 647: Unsupported Message Type
20250908-11:27:28: Reject sent for message 648: Unsupported Message Type
20250908-11:27:28: Reject sent for message 649: Unsupported Message Type
20250908-11:27:28: Reject sent for message 650: Unsupported Message Type
20250908-11:27:28: Reject sent for message 651: Unsupported Message Type
20250908-11:27:28: Reject sent for message 652: Unsupported Message Type
20250908-11:27:28: Reject sent for message 653: Unsupported Message Type
20250908-11:27:28: Reject sent for message 654: Unsupported Message Type
20250908-11:27:28: Reject sent for message 655: Unsupported Message Type
20250908-11:27:28: Reject sent for message 656: Unsupported Message Type
20250908-11:27:28: Reject sent for message 657: Unsupported Message Type
20250908-11:27:28: Reject sent for message 658: Unsupported Message Type
20250908-11:27:28: Reject sent for message 659: Unsupported Message Type
20250908-11:27:28: Reject sent for message 660: Unsupported Message Type
20250908-11:27:28: Reject sent for message 661: Unsupported Message Type
20250908-11:27:28: Reject sent for message 662: Unsupported Message Type
20250908-11:27:28: Reject sent for message 663: Unsupported Message Type
20250908-11:27:28: Reject sent for message 664: Unsupported Message Type
20250908-11:27:28: Reject sent for message 665: Unsupported Message Type
20250908-11:27:28: Reject sent for message 666: Unsupported Message Type
20250908-11:27:28: Reject sent for message 667: Unsupported Message Type
20250908-11:27:28: Reject sent for message 668: Unsupported Message Type
20250908-11:27:28: Reject sent for message 669: Unsupported Message Type
20250908-11:27:28: Reject sent for message 670: Unsupported Message Type
20250908-11:27:28: Reject sent for message 671: Unsupported Message Type
20250908-11:27:28: Reject sent for message 672: Unsupported Message Type
20250908-11:27:28: Reject sent for message 673: Unsupported Message Type
20250908-11:27:28: Reject sent for message 674: Unsupported Message Type
20250908-11:27:28: Reject sent for message 675: Unsupported Message Type
20250908-11:27:28: Reject sent for message 676: Unsupported Message Type
20250908-11:27:28: Reject sent for message 677: Unsupported Message Type
20250908-11:27:28: Reject sent for message 678: Unsupported Message Type
20250908-11:27:28: Reject sent for message 679: Unsupported Message Type
20250908-11:27:28: Reject sent for message 680: Unsupported Message Type
20250908-11:27:28: Reject sent for message 681: Unsupported Message Type
20250908-11:27:28: Reject sent for message 682: Unsupported Message Type
20250908-11:27:28: Reject sent for message 683: Unsupported Message Type
20250908-11:27:28: Reject sent for message 684: Unsupported Message Type
20250908-11:27:28: Reject sent for message 685: Unsupported Message Type
20250908-11:27:28: Reject sent for message 686: Unsupported Message Type
20250908-11:27:28: Reject sent for message 687: Unsupported Message Type
20250908-11:27:28: Reject sent for message 688: Unsupported Message Type
20250908-11:27:28: Reject sent for message 689: Unsupported Message Type
20250908-11:27:28: Reject sent for message 690: Unsupported Message Type
20250908-11:27:28: Reject sent for message 691: Unsupported Message Type
20250908-11:27:28: Reject sent for message 692: Unsupported Message Type
20250908-11:27:28: Reject sent for message 693: Unsupported Message Type
20250908-11:27:28: Reject sent for message 694: Unsupported Message Type
20250908-11:27:28: Reject sent for message 695: Unsupported Message Type
20250908-11:27:28: Reject sent for message 696: Unsupported Message Type
20250908-11:27:28: Reject sent for message 697: Unsupported Message Type
20250908-11:27:28: Reject sent for message 698: Unsupported Message Type
20250908-11:27:28: Reject sent for message 699: Unsupported Message Type
20250908-11:27:28: Reject sent for message 700: Unsupported Message Type
20250908-11:27:28: Reject sent for message 701: Unsupported Message Type
20250908-11:27:28: Reject sent for message 702: Unsupported Message Type
20250908-11:27:28: Reject sent for message 703: Unsupported Message Type
20250908-11:27:28: Reject sent for message 704: Unsupported Message Type
20250908-11:27:28: Reject sent for message 705: Unsupported Message Type
20250908-11:27:28: Reject sent for message 706: Unsupported Message Type
20250908-11:27:28: Reject sent for message 707: Unsupported Message Type
20250908-11:27:28: Reject sent for message 708: Unsupported Message Type
20250908-11:27:28: Reject sent for message 709: Unsupported Message Type
20250908-11:27:28: Reject sent for message 710: Unsupported Message Type
20250908-11:27:28: Reject sent for message 711: Unsupported Message Type
20250908-11:27:28: Reject sent for message 712: Unsupported Message Type
20250908-11:27:28: Reject sent for message 713: Unsupported Message Type
20250908-11:27:28: Reject sent for message 714: Unsupported Message Type
20250908-11:27:28: Reject sent for message 715: Unsupported Message Type
20250908-11:27:28: Reject sent for message 716: Unsupported Message Type
20250908-11:27:28: Reject sent for message 717: Unsupported Message Type
20250908-11:27:28: Reject sent for message 718: Unsupported Message Type
20250908-11:27:28: Reject sent for message 719: Unsupported Message Type
20250908-11:27:28: Reject sent for message 720: Unsupported Message Type
20250908-11:27:28: Reject sent for message 721: Unsupported Message Type
20250908-11:27:28: Reject sent for message 722: Unsupported Message Type
20250908-11:27:28: Reject sent for message 723: Unsupported Message Type
20250908-11:27:28: Reject sent for message 724: Unsupported Message Type
20250908-11:27:28: Reject sent for message 725: Unsupported Message Type
20250908-11:27:28: Reject sent for message 726: Unsupported Message Type
20250908-11:27:28: Reject sent for message 727: Unsupported Message Type
20250908-11:27:28: Reject sent for message 728: Unsupported Message Type
20250908-11:27:28: Reject sent for message 729: Unsupported Message Type
20250908-11:27:28: Reject sent for message 730: Unsupported Message Type
20250908-11:27:28: Reject sent for message 731: Unsupported Message Type
20250908-11:27:28: Reject sent for message 732: Unsupported Message Type
20250908-11:27:28: Reject sent for message 733: Unsupported Message Type
20250908-11:27:28: Reject sent for message 734: Unsupported Message Type
20250908-11:27:28: Reject sent for message 735: Unsupported Message Type
20250908-11:27:28: Reject sent for message 736: Unsupported Message Type
20250908-11:27:28: Reject sent for message 737: Unsupported Message Type
20250908-11:27:28: Reject sent for message 738: Unsupported Message Type
20250908-11:27:28: Reject sent for message 739: Unsupported Message Type
20250908-11:27:28: Reject sent for message 740: Unsupported Message Type
20250908-11:27:28: Reject sent for message 741: Unsupported Message Type
20250908-11:27:28: Reject sent for message 742: Unsupported Message Type
20250908-11:27:28: Reject sent for message 743: Unsupported Message Type
20250908-11:27:28: Reject sent for message 744: Unsupported Message Type
20250908-11:27:28: Reject sent for message 745: Unsupported Message Type
20250908-11:27:28: Reject sent for message 746: Unsupported Message Type
20250908-11:27:28: Reject sent for message 747: Unsupported Message Type
20250908-11:27:28: Reject sent for message 748: Unsupported Message Type
20250908-11:27:28: Reject sent for message 749: Unsupported Message Type
20250908-11:27:29: Reject sent for message 750: Unsupported Message Type
20250908-11:27:29: Reject sent for message 751: Unsupported Message Type
20250908-11:27:29: Reject sent for message 752: Unsupported Message Type
20250908-11:27:29: Reject sent for message 753: Unsupported Message Type
20250908-11:27:29: Reject sent for message 754: Unsupported Message Type
20250908-11:27:29: Reject sent for message 755: Unsupported Message Type
20250908-11:27:29: Reject sent for message 756: Unsupported Message Type
20250908-11:27:29: Reject sent for message 757: Unsupported Message Type
20250908-11:27:29: Reject sent for message 758: Unsupported Message Type
20250908-11:27:29: Reject sent for message 759: Unsupported Message Type
20250908-11:27:29: Reject sent for message 760: Unsupported Message Type
20250908-11:27:29: Reject sent for message 761: Unsupported Message Type
20250908-11:27:29: Reject sent for message 762: Unsupported Message Type
20250908-11:27:29: Reject sent for message 763: Unsupported Message Type
20250908-11:27:29: Reject sent for message 764: Unsupported Message Type
20250908-11:27:29: Reject sent for message 765: Unsupported Message Type
20250908-11:27:29: Reject sent for message 766: Unsupported Message Type
20250908-11:27:29: Reject sent for message 767: Unsupported Message Type
20250908-11:27:29: Reject sent for message 768: Unsupported Message Type
20250908-11:27:29: Reject sent for message 769: Unsupported Message Type
20250908-11:27:29: Reject sent for message 770: Unsupported Message Type
20250908-11:27:29: Reject sent for message 771: Unsupported Message Type
20250908-11:27:29: Reject sent for message 772: Unsupported Message Type
20250908-11:27:29: Reject sent for message 773: Unsupported Message Type
20250908-11:27:29: Reject sent for message 774: Unsupported Message Type
20250908-11:27:29: Reject sent for message 775: Unsupported Message Type
20250908-11:27:29: Reject sent for message 776: Unsupported Message Type
20250908-11:27:29: Reject sent for message 777: Unsupported Message Type
20250908-11:27:29: Reject sent for message 778: Unsupported Message Type
20250908-11:27:29: Reject sent for message 779: Unsupported Message Type
20250908-11:27:29: Reject sent for message 780: Unsupported Message Type
20250908-11:27:29: Reject sent for message 781: Unsupported Message Type
20250908-11:27:29: Reject sent for message 782: Unsupported Message Type
20250908-11:27:29: Reject sent for message 783: Unsupported Message Type
20250908-11:27:29: Reject sent for message 784: Unsupported Message Type
20250908-11:27:29: Reject sent for message 785: Unsupported Message Type
20250908-11:27:29: Reject sent for message 786: Unsupported Message Type
20250908-11:27:29: Reject sent for message 787: Unsupported Message Type
20250908-11:27:29: Reject sent for message 788: Unsupported Message Type
20250908-11:27:29: Reject sent for message 789: Unsupported Message Type
20250908-11:27:29: Reject sent for message 790: Unsupported Message Type
20250908-11:27:29: Reject sent for message 791: Unsupported Message Type
20250908-11:27:29: Reject sent for message 792: Unsupported Message Type
20250908-11:27:29: Reject sent for message 793: Unsupported Message Type
20250908-11:27:29: Reject sent for message 794: Unsupported Message Type
20250908-11:27:29: Reject sent for message 795: Unsupported Message Type
20250908-11:27:29: Reject sent for message 796: Unsupported Message Type
20250908-11:27:29: Reject sent for message 797: Unsupported Message Type
20250908-11:27:29: Reject sent for message 798: Unsupported Message Type
20250908-11:27:29: Reject sent for message 799: Unsupported Message Type
20250908-11:27:29: Reject sent for message 800: Unsupported Message Type
20250908-11:27:29: Reject sent for message 801: Unsupported Message Type
20250908-11:27:29: Reject sent for message 802: Unsupported Message Type
20250908-11:27:29: Reject sent for message 803: Unsupported Message Type
20250908-11:27:29: Reject sent for message 804: Unsupported Message Type
20250908-11:27:29: Reject sent for message 805: Unsupported Message Type
20250908-11:27:29: Reject sent for message 806: Unsupported Message Type
20250908-11:27:29: Reject sent for message 807: Unsupported Message Type
20250908-11:27:29: Reject sent for message 808: Unsupported Message Type
20250908-11:27:29: Reject sent for message 809: Unsupported Message Type
20250908-11:27:29: Reject sent for message 810: Unsupported Message Type
20250908-11:27:29: Reject sent for message 811: Unsupported Message Type
20250908-11:27:29: Reject sent for message 812: Unsupported Message Type
20250908-11:27:29: Reject sent for message 813: Unsupported Message Type
20250908-11:27:29: Reject sent for message 814: Unsupported Message Type
20250908-11:27:29: Reject sent for message 815: Unsupported Message Type
20250908-11:27:29: Reject sent for message 816: Unsupported Message Type
20250908-11:27:29: Reject sent for message 817: Unsupported Message Type
20250908-11:27:29: Reject sent for message 818: Unsupported Message Type
20250908-11:27:29: Reject sent for message 819: Unsupported Message Type
20250908-11:27:29: Reject sent for message 820: Unsupported Message Type
20250908-11:27:29: Reject sent for message 821: Unsupported Message Type
20250908-11:27:29: Reject sent for message 822: Unsupported Message Type
20250908-11:27:29: Reject sent for message 823: Unsupported Message Type
20250908-11:27:29: Reject sent for message 824: Unsupported Message Type
20250908-11:27:29: Reject sent for message 825: Unsupported Message Type
20250908-11:27:29: Reject sent for message 826: Unsupported Message Type
20250908-11:27:29: Reject sent for message 827: Unsupported Message Type
20250908-11:27:29: Reject sent for message 828: Unsupported Message Type
20250908-11:27:29: Reject sent for message 829: Unsupported Message Type
20250908-11:27:29: Reject sent for message 830: Unsupported Message Type
20250908-11:27:29: Reject sent for message 831: Unsupported Message Type
20250908-11:27:29: Reject sent for message 832: Unsupported Message Type
20250908-11:27:29: Reject sent for message 833: Unsupported Message Type
20250908-11:27:29: Reject sent for message 834: Unsupported Message Type
20250908-11:27:29: Reject sent for message 835: Unsupported Message Type
20250908-11:27:29: Reject sent for message 836: Unsupported Message Type
20250908-11:27:29: Reject sent for message 837: Unsupported Message Type
20250908-11:27:29: Reject sent for message 838: Unsupported Message Type
20250908-11:27:29: Reject sent for message 839: Unsupported Message Type
20250908-11:27:29: Reject sent for message 840: Unsupported Message Type
20250908-11:27:29: Reject sent for message 841: Unsupported Message Type
20250908-11:27:29: Reject sent for message 842: Unsupported Message Type
20250908-11:27:29: Reject sent for message 843: Unsupported Message Type
20250908-11:27:29: Reject sent for message 844: Unsupported Message Type
20250908-11:27:29: Reject sent for message 845: Unsupported Message Type
20250908-11:27:29: Reject sent for message 846: Unsupported Message Type
20250908-11:27:29: Reject sent for message 847: Unsupported Message Type
20250908-11:27:29: Reject sent for message 848: Unsupported Message Type
20250908-11:34:23: Session FIX.4.4:CLIENT5->BROKER1 schedule is daily, 00:00:00-UTC - 23:59:59-UTC
20250908-11:34:23: Created session: FIX.4.4:CLIENT5->BROKER1
20250908-11:34:23: Configured socket addresses for session: [/192.168.0.37:9877]
20250908-11:34:23: MINA session created: local=/192.168.0.39:52231, class org.apache.mina.transport.socket.nio.NioSocketSession, remote=/192.168.0.37:9877
20250908-11:34:24: Initiated logon request
20250908-11:34:24: Received logon
20250908-11:34:24: MsgSeqNum too high, expecting 849 but received 850: 8=FIX.4.49=7135=A34=85049=BROKER152=20250908-11:34:29.85456=CLIENT598=0108=3010=099
20250908-11:34:24: Enqueued at pos 850: 8=FIX.4.49=7135=A34=85049=BROKER152=20250908-11:34:29.85456=CLIENT598=0108=3010=099
20250908-11:34:24: Sent ResendRequest FROM: 849 TO: infinity
20250908-11:34:24: ResendRequest for messages FROM 849 TO 849 has been satisfied.
20250908-11:34:24: Reject sent for message 849: Unsupported Message Type
20250908-11:34:24: Processing queued message: 850
20250908-11:34:24: Reject sent for message 851: Unsupported Message Type
20250908-11:34:24: Reject sent for message 852: Unsupported Message Type
20250908-11:34:24: Reject sent for message 853: Unsupported Message Type
20250908-11:34:24: Reject sent for message 854: Unsupported Message Type
20250908-11:34:24: Reject sent for message 855: Unsupported Message Type
20250908-11:34:25: Reject sent for message 856: Unsupported Message Type
20250908-11:34:25: Reject sent for message 857: Unsupported Message Type
20250908-11:34:25: Reject sent for message 858: Unsupported Message Type
20250908-11:34:25: Reject sent for message 859: Unsupported Message Type
20250908-11:34:25: Reject sent for message 860: Unsupported Message Type
20250908-11:34:25: Reject sent for message 861: Unsupported Message Type
20250908-11:34:25: Reject sent for message 862: Unsupported Message Type
20250908-11:34:25: Reject sent for message 863: Unsupported Message Type
20250908-11:34:25: Reject sent for message 864: Unsupported Message Type
20250908-11:34:25: Reject sent for message 865: Unsupported Message Type
20250908-11:34:25: Reject sent for message 866: Unsupported Message Type
20250908-11:34:25: Reject sent for message 867: Unsupported Message Type
20250908-11:34:25: Reject sent for message 868: Unsupported Message Type
20250908-11:34:25: Reject sent for message 869: Unsupported Message Type
20250908-11:34:25: Reject sent for message 870: Unsupported Message Type
20250908-11:34:25: Reject sent for message 871: Unsupported Message Type
20250908-11:34:25: Reject sent for message 872: Unsupported Message Type
20250908-11:34:25: Reject sent for message 873: Unsupported Message Type
20250908-11:34:25: Reject sent for message 874: Unsupported Message Type
20250908-11:34:25: Reject sent for message 875: Unsupported Message Type
20250908-11:34:25: Reject sent for message 876: Unsupported Message Type
20250908-11:34:25: Reject sent for message 877: Unsupported Message Type
20250908-11:34:25: Reject sent for message 878: Unsupported Message Type
20250908-11:34:25: Reject sent for message 879: Unsupported Message Type
20250908-11:34:25: Reject sent for message 880: Unsupported Message Type
20250908-11:34:25: Reject sent for message 881: Unsupported Message Type
20250908-11:34:25: Reject sent for message 882: Unsupported Message Type
20250908-11:34:25: Reject sent for message 883: Unsupported Message Type
20250908-11:34:25: Reject sent for message 884: Unsupported Message Type
20250908-11:34:25: Reject sent for message 885: Unsupported Message Type
20250908-11:34:25: Reject sent for message 886: Unsupported Message Type
20250908-11:34:25: Reject sent for message 887: Unsupported Message Type
20250908-11:34:25: Reject sent for message 888: Unsupported Message Type
20250908-11:34:25: Reject sent for message 889: Unsupported Message Type
20250908-11:34:25: Reject sent for message 890: Unsupported Message Type
20250908-11:34:25: Reject sent for message 891: Unsupported Message Type
20250908-11:34:25: Reject sent for message 892: Unsupported Message Type
20250908-11:34:25: Reject sent for message 893: Unsupported Message Type
20250908-11:34:25: Reject sent for message 894: Unsupported Message Type
20250908-11:34:25: Reject sent for message 895: Unsupported Message Type
20250908-11:34:25: Reject sent for message 896: Unsupported Message Type
20250908-11:34:25: Reject sent for message 897: Unsupported Message Type
20250908-11:34:25: Reject sent for message 898: Unsupported Message Type
20250908-11:34:25: Reject sent for message 899: Unsupported Message Type
20250908-11:34:25: Reject sent for message 900: Unsupported Message Type
20250908-11:34:25: Reject sent for message 901: Unsupported Message Type
20250908-11:34:25: Reject sent for message 902: Unsupported Message Type
20250908-11:34:25: Reject sent for message 903: Unsupported Message Type
20250908-11:34:25: Reject sent for message 904: Unsupported Message Type
20250908-11:34:25: Reject sent for message 905: Unsupported Message Type
20250908-11:34:25: Reject sent for message 906: Unsupported Message Type
20250908-11:34:25: Reject sent for message 907: Unsupported Message Type
20250908-11:34:25: Reject sent for message 908: Unsupported Message Type
20250908-11:34:25: Reject sent for message 909: Unsupported Message Type
20250908-11:34:25: Reject sent for message 910: Unsupported Message Type
20250908-11:34:25: Reject sent for message 911: Unsupported Message Type
20250908-11:34:25: Reject sent for message 912: Unsupported Message Type
20250908-11:34:25: Reject sent for message 913: Unsupported Message Type
20250908-11:34:26: Reject sent for message 914: Unsupported Message Type
20250908-11:34:26: Reject sent for message 915: Unsupported Message Type
20250908-11:34:26: Reject sent for message 916: Unsupported Message Type
20250908-11:34:26: Reject sent for message 917: Unsupported Message Type
20250908-11:34:26: Reject sent for message 918: Unsupported Message Type
20250908-11:34:26: Reject sent for message 919: Unsupported Message Type
20250908-11:34:26: Reject sent for message 920: Unsupported Message Type
20250908-11:34:26: Reject sent for message 921: Unsupported Message Type
20250908-11:34:26: Reject sent for message 922: Unsupported Message Type
20250908-11:34:26: Reject sent for message 923: Unsupported Message Type
20250908-11:34:26: Reject sent for message 924: Unsupported Message Type
20250908-11:34:26: Reject sent for message 925: Unsupported Message Type
20250908-11:34:26: Reject sent for message 926: Unsupported Message Type
20250908-11:34:26: Reject sent for message 927: Unsupported Message Type
20250908-11:34:26: Reject sent for message 928: Unsupported Message Type
20250908-11:34:26: Reject sent for message 929: Unsupported Message Type
20250908-11:34:26: Reject sent for message 930: Unsupported Message Type
20250908-11:34:26: Reject sent for message 931: Unsupported Message Type
20250908-11:34:26: Reject sent for message 932: Unsupported Message Type
20250908-11:34:26: Reject sent for message 933: Unsupported Message Type
20250908-11:34:26: Reject sent for message 934: Unsupported Message Type
20250908-11:34:26: Reject sent for message 935: Unsupported Message Type
20250908-11:34:26: Reject sent for message 936: Unsupported Message Type
20250908-11:34:26: Reject sent for message 937: Unsupported Message Type
20250908-11:34:26: Reject sent for message 938: Unsupported Message Type
20250908-11:34:26: Reject sent for message 939: Unsupported Message Type
20250908-11:34:26: Reject sent for message 940: Unsupported Message Type
20250908-11:34:26: Reject sent for message 941: Unsupported Message Type
20250908-11:34:26: Reject sent for message 942: Unsupported Message Type
20250908-11:34:26: Reject sent for message 943: Unsupported Message Type
20250908-11:34:26: Reject sent for message 944: Unsupported Message Type
20250908-11:34:26: Reject sent for message 945: Unsupported Message Type
20250908-11:34:26: Reject sent for message 946: Unsupported Message Type
20250908-11:34:26: Reject sent for message 947: Unsupported Message Type
20250908-11:34:26: Reject sent for message 948: Unsupported Message Type
20250908-11:34:26: Reject sent for message 949: Unsupported Message Type
20250908-11:34:26: Reject sent for message 950: Unsupported Message Type
20250908-11:34:26: Reject sent for message 951: Unsupported Message Type
20250908-11:34:26: Reject sent for message 952: Unsupported Message Type
20250908-11:34:26: Reject sent for message 953: Unsupported Message Type
20250908-11:34:26: Reject sent for message 954: Unsupported Message Type
20250908-11:34:26: Reject sent for message 955: Unsupported Message Type
20250908-11:34:26: Reject sent for message 956: Unsupported Message Type
20250908-11:34:26: Reject sent for message 957: Unsupported Message Type
20250908-11:34:26: Reject sent for message 958: Unsupported Message Type
20250908-11:34:26: Reject sent for message 959: Unsupported Message Type
20250908-11:34:26: Reject sent for message 960: Unsupported Message Type
20250908-11:34:26: Reject sent for message 961: Unsupported Message Type
20250908-11:34:26: Reject sent for message 962: Unsupported Message Type
20250908-11:34:26: Reject sent for message 963: Unsupported Message Type
20250908-11:34:26: Reject sent for message 964: Unsupported Message Type
20250908-11:34:26: Reject sent for message 965: Unsupported Message Type
20250908-11:34:26: Reject sent for message 966: Unsupported Message Type
20250908-11:34:26: Reject sent for message 967: Unsupported Message Type
20250908-11:34:26: Reject sent for message 968: Unsupported Message Type
20250908-11:34:26: Reject sent for message 969: Unsupported Message Type
20250908-11:34:26: Reject sent for message 970: Unsupported Message Type
20250908-11:34:26: Reject sent for message 971: Unsupported Message Type
20250908-11:34:26: Reject sent for message 972: Unsupported Message Type
20250908-11:34:26: Reject sent for message 973: Unsupported Message Type
20250908-11:34:26: Reject sent for message 974: Unsupported Message Type
20250908-11:34:26: Reject sent for message 975: Unsupported Message Type
20250908-11:34:26: Reject sent for message 976: Unsupported Message Type
20250908-11:34:26: Reject sent for message 977: Unsupported Message Type
20250908-11:34:26: Reject sent for message 978: Unsupported Message Type
20250908-11:34:26: Reject sent for message 979: Unsupported Message Type
20250908-11:34:26: Reject sent for message 980: Unsupported Message Type
20250908-11:34:26: Reject sent for message 981: Unsupported Message Type
20250908-11:34:26: Reject sent for message 982: Unsupported Message Type
20250908-11:34:26: Reject sent for message 983: Unsupported Message Type
20250908-11:34:26: Reject sent for message 984: Unsupported Message Type
20250908-11:34:26: Reject sent for message 985: Unsupported Message Type
20250908-11:34:26: Reject sent for message 986: Unsupported Message Type
20250908-11:34:26: Reject sent for message 987: Unsupported Message Type
20250908-11:34:26: Reject sent for message 988: Unsupported Message Type
20250908-11:34:26: Reject sent for message 989: Unsupported Message Type
20250908-11:34:26: Reject sent for message 990: Unsupported Message Type
20250908-11:34:26: Reject sent for message 991: Unsupported Message Type
20250908-11:34:26: Reject sent for message 992: Unsupported Message Type
20250908-11:34:26: Reject sent for message 993: Unsupported Message Type
20250908-11:34:26: Reject sent for message 994: Unsupported Message Type
20250908-11:34:26: Reject sent for message 995: Unsupported Message Type
20250908-11:34:26: Reject sent for message 996: Unsupported Message Type
20250908-11:34:26: Reject sent for message 997: Unsupported Message Type
20250908-11:34:26: Reject sent for message 998: Unsupported Message Type
20250908-11:34:26: Reject sent for message 999: Unsupported Message Type
20250908-11:34:26: Reject sent for message 1000: Unsupported Message Type
20250908-11:34:26: Reject sent for message 1001: Unsupported Message Type
20250908-11:34:26: Reject sent for message 1002: Unsupported Message Type
20250908-11:34:26: Reject sent for message 1003: Unsupported Message Type
20250908-11:34:26: Reject sent for message 1004: Unsupported Message Type
20250908-11:34:26: Reject sent for message 1005: Unsupported Message Type
20250908-11:34:26: Reject sent for message 1006: Unsupported Message Type
20250908-11:34:26: Reject sent for message 1007: Unsupported Message Type
20250908-11:34:26: Reject sent for message 1008: Unsupported Message Type
20250908-11:34:26: Reject sent for message 1009: Unsupported Message Type
20250908-11:34:26: Reject sent for message 1010: Unsupported Message Type
20250908-11:34:26: Reject sent for message 1011: Unsupported Message Type
20250908-11:34:26: Reject sent for message 1012: Unsupported Message Type
20250908-11:34:26: Reject sent for message 1013: Unsupported Message Type
20250908-11:34:26: Reject sent for message 1014: Unsupported Message Type
20250908-11:34:26: Reject sent for message 1015: Unsupported Message Type
20250908-11:34:26: Reject sent for message 1016: Unsupported Message Type
20250908-11:34:26: Reject sent for message 1017: Unsupported Message Type
20250908-11:34:26: Reject sent for message 1018: Unsupported Message Type
20250908-11:34:26: Reject sent for message 1019: Unsupported Message Type
20250908-11:34:26: Reject sent for message 1020: Unsupported Message Type
20250908-11:34:26: Reject sent for message 1021: Unsupported Message Type
20250908-11:34:26: Reject sent for message 1022: Unsupported Message Type
20250908-11:34:26: Reject sent for message 1023: Unsupported Message Type
20250908-11:34:26: Reject sent for message 1024: Unsupported Message Type
20250908-11:34:26: Reject sent for message 1025: Unsupported Message Type
20250908-11:34:26: Reject sent for message 1026: Unsupported Message Type
20250908-11:34:26: Reject sent for message 1027: Unsupported Message Type
20250908-11:34:26: Reject sent for message 1028: Unsupported Message Type
20250908-11:34:26: Reject sent for message 1029: Unsupported Message Type
20250908-11:34:26: Reject sent for message 1030: Unsupported Message Type
20250908-11:34:26: Reject sent for message 1031: Unsupported Message Type
20250908-11:34:26: Reject sent for message 1032: Unsupported Message Type
20250908-11:34:26: Reject sent for message 1033: Unsupported Message Type
20250908-11:34:26: Reject sent for message 1034: Unsupported Message Type
20250908-11:34:26: Reject sent for message 1035: Unsupported Message Type
20250908-11:34:26: Reject sent for message 1036: Unsupported Message Type
20250908-11:34:26: Reject sent for message 1037: Unsupported Message Type
20250908-11:34:26: Reject sent for message 1038: Unsupported Message Type
20250908-11:34:26: Reject sent for message 1039: Unsupported Message Type
20250908-11:34:26: Reject sent for message 1040: Unsupported Message Type
20250908-11:34:26: Reject sent for message 1041: Unsupported Message Type
20250908-11:34:26: Reject sent for message 1042: Unsupported Message Type
20250908-11:34:26: Reject sent for message 1043: Unsupported Message Type
20250908-11:34:26: Reject sent for message 1044: Unsupported Message Type
20250908-11:34:26: Reject sent for message 1045: Unsupported Message Type
20250908-11:34:26: Reject sent for message 1046: Unsupported Message Type
20250908-11:34:26: Reject sent for message 1047: Unsupported Message Type
20250908-11:34:26: Reject sent for message 1048: Unsupported Message Type
20250908-11:34:26: Reject sent for message 1049: Unsupported Message Type
20250908-11:34:27: Reject sent for message 1050: Unsupported Message Type
20250908-11:34:27: Reject sent for message 1051: Unsupported Message Type
20250908-11:34:27: Reject sent for message 1052: Unsupported Message Type
20250908-11:34:27: Reject sent for message 1053: Unsupported Message Type
20250908-11:34:27: Reject sent for message 1054: Unsupported Message Type
20250908-11:34:27: Reject sent for message 1055: Unsupported Message Type
20250908-11:34:27: Reject sent for message 1056: Unsupported Message Type
20250908-11:34:27: Reject sent for message 1057: Unsupported Message Type
20250908-11:34:27: Reject sent for message 1058: Unsupported Message Type
20250908-11:34:27: Reject sent for message 1059: Unsupported Message Type
20250908-11:34:27: Reject sent for message 1060: Unsupported Message Type
20250908-11:34:27: Reject sent for message 1061: Unsupported Message Type
20250908-11:34:27: Reject sent for message 1062: Unsupported Message Type
20250908-11:34:27: Reject sent for message 1063: Unsupported Message Type
20250908-11:34:27: Reject sent for message 1064: Unsupported Message Type
20250908-11:34:27: Reject sent for message 1065: Unsupported Message Type
20250908-11:34:27: Reject sent for message 1066: Unsupported Message Type
20250908-11:34:27: Reject sent for message 1067: Unsupported Message Type
20250908-11:34:27: Reject sent for message 1068: Unsupported Message Type
20250908-11:34:27: Reject sent for message 1069: Unsupported Message Type
20250908-11:34:27: Reject sent for message 1070: Unsupported Message Type
20250908-11:34:27: Reject sent for message 1071: Unsupported Message Type
20250908-11:34:27: Reject sent for message 1072: Unsupported Message Type
20250908-11:34:27: Reject sent for message 1073: Unsupported Message Type
20250908-11:34:27: Reject sent for message 1074: Unsupported Message Type
20250908-11:34:27: Reject sent for message 1075: Unsupported Message Type
20250908-11:34:27: Reject sent for message 1076: Unsupported Message Type
20250908-11:34:27: Reject sent for message 1077: Unsupported Message Type
20250908-11:34:27: Reject sent for message 1078: Unsupported Message Type
20250908-11:34:27: Reject sent for message 1079: Unsupported Message Type
20250908-11:34:27: Reject sent for message 1080: Unsupported Message Type
20250908-11:34:27: Reject sent for message 1081: Unsupported Message Type
20250908-11:34:27: Reject sent for message 1082: Unsupported Message Type
20250908-11:34:27: Reject sent for message 1083: Unsupported Message Type
20250908-11:34:27: Reject sent for message 1084: Unsupported Message Type
20250908-11:34:27: Reject sent for message 1085: Unsupported Message Type
20250908-11:34:27: Reject sent for message 1086: Unsupported Message Type
20250908-11:34:27: Reject sent for message 1087: Unsupported Message Type
20250908-11:34:27: Reject sent for message 1088: Unsupported Message Type
20250908-11:34:27: Reject sent for message 1089: Unsupported Message Type
20250908-11:34:27: Reject sent for message 1090: Unsupported Message Type
20250908-11:34:27: Reject sent for message 1091: Unsupported Message Type
20250908-11:34:27: Reject sent for message 1092: Unsupported Message Type
20250908-11:34:27: Reject sent for message 1093: Unsupported Message Type
20250908-11:34:27: Reject sent for message 1094: Unsupported Message Type
20250908-11:34:27: Reject sent for message 1095: Unsupported Message Type
20250908-11:34:27: Reject sent for message 1096: Unsupported Message Type
20250908-11:34:27: Reject sent for message 1097: Unsupported Message Type
20250908-11:34:27: Reject sent for message 1098: Unsupported Message Type
20250908-11:34:27: Reject sent for message 1099: Unsupported Message Type
20250908-11:34:27: Reject sent for message 1100: Unsupported Message Type
20250908-11:34:27: Reject sent for message 1101: Unsupported Message Type
20250908-11:34:27: Reject sent for message 1102: Unsupported Message Type
20250908-11:34:27: Reject sent for message 1103: Unsupported Message Type
20250908-11:34:27: Reject sent for message 1104: Unsupported Message Type
20250908-11:34:27: Reject sent for message 1105: Unsupported Message Type
20250908-11:34:27: Reject sent for message 1106: Unsupported Message Type
20250908-11:34:27: Reject sent for message 1107: Unsupported Message Type
20250908-11:34:27: Reject sent for message 1108: Unsupported Message Type
20250908-11:34:27: Reject sent for message 1109: Unsupported Message Type
20250908-11:34:27: Reject sent for message 1110: Unsupported Message Type
20250908-11:34:27: Reject sent for message 1111: Unsupported Message Type
20250908-11:34:27: Reject sent for message 1112: Unsupported Message Type
20250908-11:34:27: Reject sent for message 1113: Unsupported Message Type
20250908-11:34:27: Reject sent for message 1114: Unsupported Message Type
20250908-11:34:27: Reject sent for message 1115: Unsupported Message Type
20250908-11:34:27: Reject sent for message 1116: Unsupported Message Type
20250908-11:34:27: Reject sent for message 1117: Unsupported Message Type
20250908-11:34:27: Reject sent for message 1118: Unsupported Message Type
20250908-11:34:27: Reject sent for message 1119: Unsupported Message Type
20250908-11:34:27: Reject sent for message 1120: Unsupported Message Type
20250908-11:34:27: Reject sent for message 1121: Unsupported Message Type
20250908-11:34:27: Reject sent for message 1122: Unsupported Message Type
20250908-11:34:27: Reject sent for message 1123: Unsupported Message Type
20250908-11:34:27: Reject sent for message 1124: Unsupported Message Type
20250908-11:34:27: Reject sent for message 1125: Unsupported Message Type
20250908-11:34:27: Reject sent for message 1126: Unsupported Message Type
20250908-11:34:27: Reject sent for message 1127: Unsupported Message Type
20250908-11:34:27: Reject sent for message 1128: Unsupported Message Type
20250908-11:34:27: Reject sent for message 1129: Unsupported Message Type
20250908-11:34:27: Reject sent for message 1130: Unsupported Message Type
20250908-11:34:27: Reject sent for message 1131: Unsupported Message Type
20250908-11:34:27: Reject sent for message 1132: Unsupported Message Type
20250908-11:34:27: Reject sent for message 1133: Unsupported Message Type
20250908-11:34:27: Reject sent for message 1134: Unsupported Message Type
20250908-11:34:27: Reject sent for message 1135: Unsupported Message Type
20250908-11:34:27: Reject sent for message 1136: Unsupported Message Type
20250908-11:34:27: Reject sent for message 1137: Unsupported Message Type
20250908-11:34:27: Reject sent for message 1138: Unsupported Message Type
20250908-11:34:27: Reject sent for message 1139: Unsupported Message Type
20250908-11:34:27: Reject sent for message 1140: Unsupported Message Type
20250908-11:34:27: Reject sent for message 1141: Unsupported Message Type
20250908-11:34:27: Reject sent for message 1142: Unsupported Message Type
20250908-11:34:27: Reject sent for message 1143: Unsupported Message Type
20250908-11:34:27: Reject sent for message 1144: Unsupported Message Type
20250908-11:34:27: Reject sent for message 1145: Unsupported Message Type
20250908-11:34:27: Reject sent for message 1146: Unsupported Message Type
20250908-11:34:27: Reject sent for message 1147: Unsupported Message Type
20250908-11:34:27: Reject sent for message 1148: Unsupported Message Type
20250908-11:34:27: Reject sent for message 1149: Unsupported Message Type
20250908-11:34:27: Reject sent for message 1150: Unsupported Message Type
20250908-11:34:27: Reject sent for message 1151: Unsupported Message Type
20250908-11:34:27: Reject sent for message 1152: Unsupported Message Type
20250908-11:34:27: Reject sent for message 1153: Unsupported Message Type
20250908-11:34:27: Reject sent for message 1154: Unsupported Message Type
20250908-11:34:27: Reject sent for message 1155: Unsupported Message Type
20250908-11:34:27: Reject sent for message 1156: Unsupported Message Type
20250908-11:34:27: Reject sent for message 1157: Unsupported Message Type
20250908-11:34:27: Reject sent for message 1158: Unsupported Message Type
20250908-11:34:27: Reject sent for message 1159: Unsupported Message Type
20250908-11:34:27: Reject sent for message 1160: Unsupported Message Type
20250908-11:34:27: Reject sent for message 1161: Unsupported Message Type
20250908-11:34:27: Reject sent for message 1162: Unsupported Message Type
20250908-11:34:27: Reject sent for message 1163: Unsupported Message Type
20250908-11:34:27: Reject sent for message 1164: Unsupported Message Type
20250908-11:34:27: Reject sent for message 1165: Unsupported Message Type
20250908-11:34:27: Reject sent for message 1166: Unsupported Message Type
20250908-11:34:27: Reject sent for message 1167: Unsupported Message Type
20250908-11:34:27: Reject sent for message 1168: Unsupported Message Type
20250908-11:34:27: Reject sent for message 1169: Unsupported Message Type
20250908-11:34:27: Reject sent for message 1170: Unsupported Message Type
20250908-11:34:27: Reject sent for message 1171: Unsupported Message Type
20250908-11:34:27: Reject sent for message 1172: Unsupported Message Type
20250908-11:34:27: Reject sent for message 1173: Unsupported Message Type
20250908-11:34:27: Reject sent for message 1174: Unsupported Message Type
20250908-11:34:27: Reject sent for message 1175: Unsupported Message Type
20250908-11:34:27: Reject sent for message 1176: Unsupported Message Type
20250908-11:34:27: Reject sent for message 1177: Unsupported Message Type
20250908-11:34:27: Reject sent for message 1178: Unsupported Message Type
20250908-11:34:27: Reject sent for message 1179: Unsupported Message Type
20250908-11:34:27: Reject sent for message 1180: Unsupported Message Type
20250908-11:34:27: Reject sent for message 1181: Unsupported Message Type
20250908-11:34:27: Reject sent for message 1182: Unsupported Message Type
20250908-11:34:27: Reject sent for message 1183: Unsupported Message Type
20250908-11:34:27: Reject sent for message 1184: Unsupported Message Type
20250908-11:34:27: Reject sent for message 1185: Unsupported Message Type
20250908-11:34:27: Reject sent for message 1186: Unsupported Message Type
20250908-11:34:27: Reject sent for message 1187: Unsupported Message Type
20250908-11:34:27: Reject sent for message 1188: Unsupported Message Type
20250908-11:34:27: Reject sent for message 1189: Unsupported Message Type
20250908-11:34:27: Reject sent for message 1190: Unsupported Message Type
20250908-11:34:27: Reject sent for message 1191: Unsupported Message Type
20250908-11:34:27: Reject sent for message 1192: Unsupported Message Type
20250908-11:34:27: Reject sent for message 1193: Unsupported Message Type
20250908-11:34:27: Reject sent for message 1194: Unsupported Message Type
20250908-11:34:27: Reject sent for message 1195: Unsupported Message Type
20250908-11:34:27: Reject sent for message 1196: Unsupported Message Type
20250908-11:34:27: Reject sent for message 1197: Unsupported Message Type
20250908-11:34:27: Reject sent for message 1198: Unsupported Message Type
20250908-11:34:27: Reject sent for message 1199: Unsupported Message Type
20250908-11:34:27: Reject sent for message 1200: Unsupported Message Type
20250908-11:34:27: Reject sent for message 1201: Unsupported Message Type
20250908-11:34:27: Reject sent for message 1202: Unsupported Message Type
20250908-11:34:27: Reject sent for message 1203: Unsupported Message Type
20250908-11:34:27: Reject sent for message 1204: Unsupported Message Type
20250908-11:34:27: Reject sent for message 1205: Unsupported Message Type
20250908-11:34:27: Reject sent for message 1206: Unsupported Message Type
20250908-11:34:27: Reject sent for message 1207: Unsupported Message Type
20250908-11:34:27: Reject sent for message 1208: Unsupported Message Type
20250908-11:34:27: Reject sent for message 1209: Unsupported Message Type
20250908-11:34:27: Reject sent for message 1210: Unsupported Message Type
20250908-11:34:27: Reject sent for message 1211: Unsupported Message Type
20250908-11:34:27: Reject sent for message 1212: Unsupported Message Type
20250908-11:34:27: Reject sent for message 1213: Unsupported Message Type
20250908-11:34:27: Reject sent for message 1214: Unsupported Message Type
20250908-11:34:27: Reject sent for message 1215: Unsupported Message Type
20250908-11:34:28: Reject sent for message 1216: Unsupported Message Type
20250908-11:34:28: Reject sent for message 1217: Unsupported Message Type
20250908-11:34:28: Reject sent for message 1218: Unsupported Message Type
20250908-11:34:28: Reject sent for message 1219: Unsupported Message Type
20250908-11:34:28: Reject sent for message 1220: Unsupported Message Type
20250908-11:34:28: Reject sent for message 1221: Unsupported Message Type
20250908-11:34:28: Reject sent for message 1222: Unsupported Message Type
20250908-11:34:28: Reject sent for message 1223: Unsupported Message Type
20250908-11:34:28: Reject sent for message 1224: Unsupported Message Type
20250908-11:34:28: Reject sent for message 1225: Unsupported Message Type
20250908-11:34:28: Reject sent for message 1226: Unsupported Message Type
20250908-11:34:28: Reject sent for message 1227: Unsupported Message Type
20250908-11:34:28: Reject sent for message 1228: Unsupported Message Type
20250908-11:34:28: Reject sent for message 1229: Unsupported Message Type
20250908-11:34:28: Reject sent for message 1230: Unsupported Message Type
20250908-11:34:28: Reject sent for message 1231: Unsupported Message Type
20250908-11:34:28: Reject sent for message 1232: Unsupported Message Type
20250908-11:34:28: Reject sent for message 1233: Unsupported Message Type
20250908-11:34:28: Reject sent for message 1234: Unsupported Message Type
20250908-11:34:28: Reject sent for message 1235: Unsupported Message Type
20250908-11:34:28: Reject sent for message 1236: Unsupported Message Type
20250908-11:34:28: Reject sent for message 1237: Unsupported Message Type
20250908-11:34:28: Reject sent for message 1238: Unsupported Message Type
20250908-11:34:28: Reject sent for message 1239: Unsupported Message Type
20250908-11:34:28: Reject sent for message 1240: Unsupported Message Type
20250908-11:34:28: Reject sent for message 1241: Unsupported Message Type
20250908-11:34:28: Reject sent for message 1242: Unsupported Message Type
20250908-11:34:28: Reject sent for message 1243: Unsupported Message Type
20250908-11:34:28: Reject sent for message 1244: Unsupported Message Type
20250908-11:34:28: Reject sent for message 1245: Unsupported Message Type
20250908-11:34:28: Reject sent for message 1246: Unsupported Message Type
20250908-11:34:28: Reject sent for message 1247: Unsupported Message Type
20250908-11:34:28: Reject sent for message 1248: Unsupported Message Type
20250908-11:34:28: Reject sent for message 1249: Unsupported Message Type
20250908-11:34:28: Reject sent for message 1250: Unsupported Message Type
20250908-11:34:28: Reject sent for message 1251: Unsupported Message Type
20250908-11:34:28: Reject sent for message 1252: Unsupported Message Type
20250908-11:34:28: Reject sent for message 1253: Unsupported Message Type
20250908-11:34:28: Reject sent for message 1254: Unsupported Message Type
20250908-11:34:28: Reject sent for message 1255: Unsupported Message Type
20250908-11:34:28: Reject sent for message 1256: Unsupported Message Type
20250908-11:34:28: Reject sent for message 1257: Unsupported Message Type
20250908-11:34:28: Reject sent for message 1258: Unsupported Message Type
20250908-11:34:28: Reject sent for message 1259: Unsupported Message Type
20250908-11:34:28: Reject sent for message 1260: Unsupported Message Type
20250908-11:34:28: Reject sent for message 1261: Unsupported Message Type
20250908-11:34:28: Reject sent for message 1262: Unsupported Message Type
20250908-11:34:28: Reject sent for message 1263: Unsupported Message Type
20250908-11:34:28: Reject sent for message 1264: Unsupported Message Type
20250908-11:34:28: Reject sent for message 1265: Unsupported Message Type
20250908-11:34:28: Reject sent for message 1266: Unsupported Message Type
20250908-11:34:28: Reject sent for message 1267: Unsupported Message Type
20250908-11:34:28: Reject sent for message 1268: Unsupported Message Type
20250908-11:34:28: Reject sent for message 1269: Unsupported Message Type
20250908-11:34:28: Reject sent for message 1270: Unsupported Message Type
20250908-11:34:28: Reject sent for message 1271: Unsupported Message Type
20250908-11:34:28: Reject sent for message 1272: Unsupported Message Type
20250908-11:34:28: Reject sent for message 1273: Unsupported Message Type
20250908-11:34:28: Reject sent for message 1274: Unsupported Message Type
20250908-11:34:28: Reject sent for message 1275: Unsupported Message Type
20250908-11:34:28: Reject sent for message 1276: Unsupported Message Type
20250908-11:34:28: Reject sent for message 1277: Unsupported Message Type
20250908-11:34:28: Reject sent for message 1278: Unsupported Message Type
20250908-11:34:28: Reject sent for message 1279: Unsupported Message Type
20250908-11:34:28: Reject sent for message 1280: Unsupported Message Type
20250908-11:34:28: Reject sent for message 1281: Unsupported Message Type
20250908-11:34:28: Reject sent for message 1282: Unsupported Message Type
20250908-11:34:28: Reject sent for message 1283: Unsupported Message Type
20250908-11:34:28: Reject sent for message 1284: Unsupported Message Type
20250908-11:34:28: Reject sent for message 1285: Unsupported Message Type
20250908-11:34:28: Reject sent for message 1286: Unsupported Message Type
20250908-11:34:28: Reject sent for message 1287: Unsupported Message Type
20250908-11:34:28: Reject sent for message 1288: Unsupported Message Type
20250908-11:34:28: Reject sent for message 1289: Unsupported Message Type
20250908-11:34:28: Reject sent for message 1290: Unsupported Message Type
20250908-11:34:28: Reject sent for message 1291: Unsupported Message Type
20250908-11:34:28: Reject sent for message 1292: Unsupported Message Type
20250908-11:34:28: Reject sent for message 1293: Unsupported Message Type
20250908-11:34:28: Reject sent for message 1294: Unsupported Message Type
20250908-11:34:28: Reject sent for message 1295: Unsupported Message Type
20250908-11:34:28: Reject sent for message 1296: Unsupported Message Type
20250908-11:34:28: Reject sent for message 1297: Unsupported Message Type
20250908-11:34:28: Reject sent for message 1298: Unsupported Message Type
20250908-11:34:28: Reject sent for message 1299: Unsupported Message Type
20250908-11:34:28: Reject sent for message 1300: Unsupported Message Type
20250908-11:34:28: Reject sent for message 1301: Unsupported Message Type
20250908-11:34:28: Reject sent for message 1302: Unsupported Message Type
20250908-11:34:28: Reject sent for message 1303: Unsupported Message Type
20250908-11:34:28: Reject sent for message 1304: Unsupported Message Type
20250908-11:34:28: Reject sent for message 1305: Unsupported Message Type
20250908-11:34:28: Reject sent for message 1306: Unsupported Message Type
20250908-11:34:28: Reject sent for message 1307: Unsupported Message Type
20250908-11:34:28: Reject sent for message 1308: Unsupported Message Type
20250908-11:34:28: Reject sent for message 1309: Unsupported Message Type
20250908-11:34:28: Reject sent for message 1310: Unsupported Message Type
20250908-11:34:28: Reject sent for message 1311: Unsupported Message Type
20250908-11:34:28: Reject sent for message 1312: Unsupported Message Type
20250908-11:34:28: Reject sent for message 1313: Unsupported Message Type
20250908-11:34:28: Reject sent for message 1314: Unsupported Message Type
20250908-11:34:28: Reject sent for message 1315: Unsupported Message Type
20250908-11:34:28: Reject sent for message 1316: Unsupported Message Type
20250908-11:34:28: Reject sent for message 1317: Unsupported Message Type
20250908-11:34:28: Reject sent for message 1318: Unsupported Message Type
20250908-11:34:28: Reject sent for message 1319: Unsupported Message Type
20250908-11:34:28: Reject sent for message 1320: Unsupported Message Type
20250908-11:34:28: Reject sent for message 1321: Unsupported Message Type
20250908-11:34:28: Reject sent for message 1322: Unsupported Message Type
20250908-11:34:28: Reject sent for message 1323: Unsupported Message Type
20250908-11:34:28: Reject sent for message 1324: Unsupported Message Type
20250908-11:34:28: Reject sent for message 1325: Unsupported Message Type
20250908-11:34:28: Reject sent for message 1326: Unsupported Message Type
20250908-11:34:28: Reject sent for message 1327: Unsupported Message Type
20250908-11:34:28: Reject sent for message 1328: Unsupported Message Type
20250908-11:34:28: Reject sent for message 1329: Unsupported Message Type
20250908-11:34:28: Reject sent for message 1330: Unsupported Message Type
20250908-11:34:28: Reject sent for message 1331: Unsupported Message Type
20250908-11:34:28: Reject sent for message 1332: Unsupported Message Type
20250908-11:34:28: Reject sent for message 1333: Unsupported Message Type
20250908-11:34:28: Reject sent for message 1334: Unsupported Message Type
20250908-11:34:28: Reject sent for message 1335: Unsupported Message Type
20250908-11:34:28: Reject sent for message 1336: Unsupported Message Type
20250908-11:34:28: Reject sent for message 1337: Unsupported Message Type
20250908-11:34:28: Reject sent for message 1338: Unsupported Message Type
20250908-11:34:28: Reject sent for message 1339: Unsupported Message Type
20250908-11:34:28: Reject sent for message 1340: Unsupported Message Type
20250908-11:34:28: Reject sent for message 1341: Unsupported Message Type
20250908-11:34:28: Reject sent for message 1342: Unsupported Message Type
20250908-11:34:28: Reject sent for message 1343: Unsupported Message Type
20250908-11:34:28: Reject sent for message 1344: Unsupported Message Type
20250908-11:34:28: Reject sent for message 1345: Unsupported Message Type
20250908-11:34:28: Reject sent for message 1346: Unsupported Message Type
20250908-11:34:28: Reject sent for message 1347: Unsupported Message Type
20250908-11:34:28: Reject sent for message 1348: Unsupported Message Type
20250908-11:34:28: Reject sent for message 1349: Unsupported Message Type
20250908-11:34:28: Reject sent for message 1350: Unsupported Message Type
20250908-11:34:28: Reject sent for message 1351: Unsupported Message Type
20250908-11:34:28: Reject sent for message 1352: Unsupported Message Type
20250908-11:34:28: Reject sent for message 1353: Unsupported Message Type
20250908-11:34:28: Reject sent for message 1354: Unsupported Message Type
20250908-11:34:28: Reject sent for message 1355: Unsupported Message Type
20250908-11:34:28: Reject sent for message 1356: Unsupported Message Type
20250908-11:34:28: Reject sent for message 1357: Unsupported Message Type
20250908-11:34:28: Reject sent for message 1358: Unsupported Message Type
20250908-11:34:28: Reject sent for message 1359: Unsupported Message Type
20250908-11:34:28: Reject sent for message 1360: Unsupported Message Type
20250908-11:34:28: Reject sent for message 1361: Unsupported Message Type
20250908-11:34:28: Reject sent for message 1362: Unsupported Message Type
20250908-11:34:28: Reject sent for message 1363: Unsupported Message Type
20250908-11:34:29: Reject sent for message 1364: Unsupported Message Type
20250908-11:34:29: Reject sent for message 1365: Unsupported Message Type
20250908-11:34:29: Reject sent for message 1366: Unsupported Message Type
20250908-11:34:29: Reject sent for message 1367: Unsupported Message Type
20250908-11:34:29: Reject sent for message 1368: Unsupported Message Type
20250908-11:34:29: Reject sent for message 1369: Unsupported Message Type
20250908-11:34:29: Reject sent for message 1370: Unsupported Message Type
20250908-11:34:29: Reject sent for message 1371: Unsupported Message Type
20250908-11:34:29: Reject sent for message 1372: Unsupported Message Type
20250908-11:34:29: Reject sent for message 1373: Unsupported Message Type
20250908-11:34:29: Reject sent for message 1374: Unsupported Message Type
20250908-11:34:29: Reject sent for message 1375: Unsupported Message Type
20250908-11:34:29: Reject sent for message 1376: Unsupported Message Type
20250908-11:34:29: Reject sent for message 1377: Unsupported Message Type
20250908-11:34:29: Reject sent for message 1378: Unsupported Message Type
20250908-11:34:29: Reject sent for message 1379: Unsupported Message Type
20250908-11:34:29: Reject sent for message 1380: Unsupported Message Type
20250908-11:34:29: Reject sent for message 1381: Unsupported Message Type
20250908-11:34:29: Reject sent for message 1382: Unsupported Message Type
20250908-11:34:29: Reject sent for message 1383: Unsupported Message Type
20250908-11:34:29: Reject sent for message 1384: Unsupported Message Type
20250908-11:34:29: Reject sent for message 1385: Unsupported Message Type
20250908-11:34:29: Reject sent for message 1386: Unsupported Message Type
20250908-11:34:29: Reject sent for message 1387: Unsupported Message Type
20250908-11:34:29: Reject sent for message 1388: Unsupported Message Type
20250908-11:34:29: Reject sent for message 1389: Unsupported Message Type
20250908-11:34:29: Reject sent for message 1390: Unsupported Message Type
20250908-11:34:29: Reject sent for message 1391: Unsupported Message Type
20250908-11:34:29: Reject sent for message 1392: Unsupported Message Type
20250908-11:34:29: Reject sent for message 1393: Unsupported Message Type
20250908-11:34:29: Reject sent for message 1394: Unsupported Message Type
20250908-11:34:29: Reject sent for message 1395: Unsupported Message Type
20250908-11:34:29: Reject sent for message 1396: Unsupported Message Type
20250908-11:34:29: Reject sent for message 1397: Unsupported Message Type
20250908-11:34:29: Reject sent for message 1398: Unsupported Message Type
20250908-11:34:29: Reject sent for message 1399: Unsupported Message Type
20250908-11:34:29: Reject sent for message 1400: Unsupported Message Type
20250908-11:34:29: Reject sent for message 1401: Unsupported Message Type
20250908-11:34:29: Reject sent for message 1402: Unsupported Message Type
20250908-11:34:29: Reject sent for message 1403: Unsupported Message Type
20250908-11:34:29: Reject sent for message 1404: Unsupported Message Type
20250908-11:34:29: Reject sent for message 1405: Unsupported Message Type
20250908-11:34:29: Reject sent for message 1406: Unsupported Message Type
20250908-11:34:29: Reject sent for message 1407: Unsupported Message Type
20250908-11:34:29: Reject sent for message 1408: Unsupported Message Type
20250908-11:34:29: Reject sent for message 1409: Unsupported Message Type
20250908-11:34:29: Reject sent for message 1410: Unsupported Message Type
20250908-11:34:29: Reject sent for message 1411: Unsupported Message Type
20250908-11:34:29: Reject sent for message 1412: Unsupported Message Type
20250908-11:34:29: Reject sent for message 1413: Unsupported Message Type
20250908-11:34:29: Reject sent for message 1414: Unsupported Message Type
20250908-11:34:29: Reject sent for message 1415: Unsupported Message Type
20250908-11:34:29: Reject sent for message 1416: Unsupported Message Type
20250908-11:34:29: Reject sent for message 1417: Unsupported Message Type
20250908-11:34:29: Reject sent for message 1418: Unsupported Message Type
20250908-11:34:29: Reject sent for message 1419: Unsupported Message Type
20250908-11:34:29: Reject sent for message 1420: Unsupported Message Type
20250908-11:34:29: Reject sent for message 1421: Unsupported Message Type
20250908-11:34:29: Reject sent for message 1422: Unsupported Message Type
20250908-11:34:29: Reject sent for message 1423: Unsupported Message Type
20250908-11:34:29: Reject sent for message 1424: Unsupported Message Type
20250908-11:34:29: Reject sent for message 1425: Unsupported Message Type
20250908-11:34:29: Reject sent for message 1426: Unsupported Message Type
20250908-11:34:29: Reject sent for message 1427: Unsupported Message Type
20250908-11:34:29: Reject sent for message 1428: Unsupported Message Type
20250908-11:34:29: Reject sent for message 1429: Unsupported Message Type
20250908-11:34:29: Reject sent for message 1430: Unsupported Message Type
20250908-11:34:29: Reject sent for message 1431: Unsupported Message Type
20250908-11:34:29: Reject sent for message 1432: Unsupported Message Type
20250908-11:34:29: Reject sent for message 1433: Unsupported Message Type
20250908-11:34:29: Reject sent for message 1434: Unsupported Message Type
20250908-11:34:29: Reject sent for message 1435: Unsupported Message Type
20250908-11:34:29: Reject sent for message 1436: Unsupported Message Type
20250908-11:34:29: Reject sent for message 1437: Unsupported Message Type
20250908-11:34:29: Reject sent for message 1438: Unsupported Message Type
20250908-11:34:29: Reject sent for message 1439: Unsupported Message Type
20250908-11:34:29: Reject sent for message 1440: Unsupported Message Type
20250908-11:34:29: Reject sent for message 1441: Unsupported Message Type
20250908-11:34:29: Reject sent for message 1442: Unsupported Message Type
20250908-11:34:29: Reject sent for message 1443: Unsupported Message Type
20250908-11:34:29: Reject sent for message 1444: Unsupported Message Type
20250908-11:34:29: Reject sent for message 1445: Unsupported Message Type
20250908-11:34:29: Reject sent for message 1446: Unsupported Message Type
20250908-11:34:29: Reject sent for message 1447: Unsupported Message Type
20250908-11:34:29: Reject sent for message 1448: Unsupported Message Type
20250908-11:34:29: Reject sent for message 1449: Unsupported Message Type
20250908-11:34:29: Reject sent for message 1450: Unsupported Message Type
20250908-11:34:29: Reject sent for message 1451: Unsupported Message Type
20250908-11:34:29: Reject sent for message 1452: Unsupported Message Type
20250908-11:34:29: Reject sent for message 1453: Unsupported Message Type
20250908-11:34:29: Reject sent for message 1454: Unsupported Message Type
20250908-11:34:29: Reject sent for message 1455: Unsupported Message Type
20250908-11:34:29: Reject sent for message 1456: Unsupported Message Type
20250908-11:34:29: Reject sent for message 1457: Unsupported Message Type
20250908-11:34:29: Reject sent for message 1458: Unsupported Message Type
20250908-11:34:29: Reject sent for message 1459: Unsupported Message Type
20250908-11:34:29: Reject sent for message 1460: Unsupported Message Type
20250908-11:34:29: Reject sent for message 1461: Unsupported Message Type
20250908-11:34:29: Reject sent for message 1462: Unsupported Message Type
20250908-11:34:29: Reject sent for message 1463: Unsupported Message Type
20250908-11:34:29: Reject sent for message 1464: Unsupported Message Type
20250908-11:34:29: Reject sent for message 1465: Unsupported Message Type
20250908-11:34:30: Reject sent for message 1466: Unsupported Message Type
20250908-11:34:30: Reject sent for message 1467: Unsupported Message Type
20250908-11:34:30: Reject sent for message 1468: Unsupported Message Type
20250908-11:34:30: Reject sent for message 1469: Unsupported Message Type
20250908-11:34:30: Reject sent for message 1470: Unsupported Message Type
20250908-11:34:30: Reject sent for message 1471: Unsupported Message Type
20250908-11:34:30: Reject sent for message 1472: Unsupported Message Type
20250908-11:34:30: Reject sent for message 1473: Unsupported Message Type
20250908-11:34:30: Reject sent for message 1474: Unsupported Message Type
20250908-11:34:30: Reject sent for message 1475: Unsupported Message Type
20250908-11:34:30: Reject sent for message 1476: Unsupported Message Type
20250908-11:34:30: Reject sent for message 1477: Unsupported Message Type
20250908-11:34:30: Reject sent for message 1478: Unsupported Message Type
20250908-11:34:30: Reject sent for message 1479: Unsupported Message Type
20250908-11:34:30: Reject sent for message 1480: Unsupported Message Type
20250908-11:34:30: Reject sent for message 1481: Unsupported Message Type
20250908-11:34:30: Reject sent for message 1482: Unsupported Message Type
20250908-11:34:30: Reject sent for message 1483: Unsupported Message Type
20250908-11:34:30: Reject sent for message 1484: Unsupported Message Type
20250908-11:34:30: Reject sent for message 1485: Unsupported Message Type
20250908-11:34:30: Reject sent for message 1486: Unsupported Message Type
20250908-11:34:30: Reject sent for message 1487: Unsupported Message Type
20250908-11:34:30: Reject sent for message 1488: Unsupported Message Type
20250908-11:34:30: Reject sent for message 1489: Unsupported Message Type
20250908-11:34:30: Reject sent for message 1490: Unsupported Message Type
20250908-11:34:30: Reject sent for message 1491: Unsupported Message Type
20250908-11:34:30: Reject sent for message 1492: Unsupported Message Type
20250908-11:34:30: Reject sent for message 1493: Unsupported Message Type
20250908-11:34:30: Reject sent for message 1494: Unsupported Message Type
20250908-11:34:30: Reject sent for message 1495: Unsupported Message Type
20250908-11:34:30: Reject sent for message 1496: Unsupported Message Type
20250908-11:34:30: Reject sent for message 1497: Unsupported Message Type
20250908-11:34:30: Reject sent for message 1498: Unsupported Message Type
20250908-11:34:30: Reject sent for message 1499: Unsupported Message Type
20250908-11:34:30: Reject sent for message 1500: Unsupported Message Type
20250908-11:34:30: Reject sent for message 1501: Unsupported Message Type
20250908-11:34:30: Reject sent for message 1502: Unsupported Message Type
20250908-11:34:30: Reject sent for message 1503: Unsupported Message Type
20250908-11:34:30: Reject sent for message 1504: Unsupported Message Type
20250908-11:34:30: Reject sent for message 1505: Unsupported Message Type
20250908-11:34:30: Reject sent for message 1506: Unsupported Message Type
20250908-11:34:30: Reject sent for message 1507: Unsupported Message Type
20250908-11:34:30: Reject sent for message 1508: Unsupported Message Type
20250908-11:34:30: Reject sent for message 1509: Unsupported Message Type
20250908-11:34:30: Reject sent for message 1510: Unsupported Message Type
20250908-11:34:30: Reject sent for message 1511: Unsupported Message Type
20250908-11:34:30: Reject sent for message 1512: Unsupported Message Type
20250908-11:34:30: Reject sent for message 1513: Unsupported Message Type
20250908-11:34:30: Reject sent for message 1514: Unsupported Message Type
20250908-11:34:30: Reject sent for message 1515: Unsupported Message Type
20250908-11:34:30: Reject sent for message 1516: Unsupported Message Type
20250908-11:34:30: Reject sent for message 1517: Unsupported Message Type
20250908-11:34:30: Reject sent for message 1518: Unsupported Message Type
20250908-11:34:30: Reject sent for message 1519: Unsupported Message Type
20250908-11:34:30: Reject sent for message 1520: Unsupported Message Type
20250908-11:34:30: Reject sent for message 1521: Unsupported Message Type
20250908-11:34:30: Reject sent for message 1522: Unsupported Message Type
20250908-11:34:30: Reject sent for message 1523: Unsupported Message Type
20250908-11:34:30: Reject sent for message 1524: Unsupported Message Type
20250908-11:34:30: Reject sent for message 1525: Unsupported Message Type
20250908-11:34:30: Reject sent for message 1526: Unsupported Message Type
20250908-11:34:30: Reject sent for message 1527: Unsupported Message Type
20250908-11:34:30: Reject sent for message 1528: Unsupported Message Type
20250908-11:34:30: Reject sent for message 1529: Unsupported Message Type
20250908-11:34:30: Reject sent for message 1530: Unsupported Message Type
20250908-11:34:30: Reject sent for message 1531: Unsupported Message Type
20250908-11:34:30: Reject sent for message 1532: Unsupported Message Type
20250908-11:34:30: Reject sent for message 1533: Unsupported Message Type
20250908-11:34:30: Reject sent for message 1534: Unsupported Message Type
20250908-11:34:30: Reject sent for message 1535: Unsupported Message Type
20250908-11:34:30: Reject sent for message 1536: Unsupported Message Type
20250908-11:34:30: Reject sent for message 1537: Unsupported Message Type
20250908-11:34:30: Reject sent for message 1538: Unsupported Message Type
20250908-11:34:30: Reject sent for message 1539: Unsupported Message Type
20250908-11:34:30: Reject sent for message 1540: Unsupported Message Type
20250908-11:34:30: Reject sent for message 1541: Unsupported Message Type
20250908-11:34:30: Reject sent for message 1542: Unsupported Message Type
20250908-11:34:30: Reject sent for message 1543: Unsupported Message Type
20250908-11:34:30: Reject sent for message 1544: Unsupported Message Type
20250908-11:34:30: Reject sent for message 1545: Unsupported Message Type
20250908-11:34:30: Reject sent for message 1546: Unsupported Message Type
20250908-11:34:30: Reject sent for message 1547: Unsupported Message Type
20250908-11:34:30: Reject sent for message 1548: Unsupported Message Type
20250908-11:34:30: Reject sent for message 1549: Unsupported Message Type
20250908-11:34:30: Reject sent for message 1550: Unsupported Message Type
20250908-11:34:30: Reject sent for message 1551: Unsupported Message Type
20250908-11:34:30: Reject sent for message 1552: Unsupported Message Type
20250908-11:34:30: Reject sent for message 1553: Unsupported Message Type
20250908-11:34:30: Reject sent for message 1554: Unsupported Message Type
20250908-11:34:30: Reject sent for message 1555: Unsupported Message Type
20250908-11:34:30: Reject sent for message 1556: Unsupported Message Type
20250908-11:34:30: Reject sent for message 1557: Unsupported Message Type
20250908-11:34:30: Reject sent for message 1558: Unsupported Message Type
20250908-11:34:30: Reject sent for message 1559: Unsupported Message Type
20250908-11:34:30: Reject sent for message 1560: Unsupported Message Type
20250908-11:34:30: Reject sent for message 1561: Unsupported Message Type
20250908-11:34:30: Reject sent for message 1562: Unsupported Message Type
20250908-11:34:30: Reject sent for message 1563: Unsupported Message Type
20250908-11:34:30: Reject sent for message 1564: Unsupported Message Type
20250908-11:34:30: Reject sent for message 1565: Unsupported Message Type
20250908-11:34:30: Reject sent for message 1566: Unsupported Message Type
20250908-11:34:30: Reject sent for message 1567: Unsupported Message Type
20250908-11:34:30: Reject sent for message 1568: Unsupported Message Type
20250908-11:34:30: Reject sent for message 1569: Unsupported Message Type
20250908-11:34:30: Reject sent for message 1570: Unsupported Message Type
20250908-11:34:30: Reject sent for message 1571: Unsupported Message Type
20250908-11:34:30: Reject sent for message 1572: Unsupported Message Type
20250908-11:34:30: Reject sent for message 1573: Unsupported Message Type
20250908-11:34:30: Reject sent for message 1574: Unsupported Message Type
20250908-11:34:30: Reject sent for message 1575: Unsupported Message Type
20250908-11:34:30: Reject sent for message 1576: Unsupported Message Type
20250908-11:34:30: Reject sent for message 1577: Unsupported Message Type
20250908-11:34:30: Reject sent for message 1578: Unsupported Message Type
20250908-11:34:30: Reject sent for message 1579: Unsupported Message Type
20250908-11:35:09: Session FIX.4.4:CLIENT5->BROKER1 schedule is daily, 00:00:00-UTC - 23:59:59-UTC
20250908-11:35:09: Created session: FIX.4.4:CLIENT5->BROKER1
20250908-11:35:09: Configured socket addresses for session: [/192.168.0.37:9877]
20250908-11:35:09: MINA session created: local=/192.168.0.39:52241, class org.apache.mina.transport.socket.nio.NioSocketSession, remote=/192.168.0.37:9877
20250908-11:35:10: Initiated logon request
20250908-11:35:10: Received logon
20250908-11:35:10: MsgSeqNum too high, expecting 1580 but received 1581: 8=FIX.4.49=7235=A34=158149=BROKER152=20250908-11:35:15.93156=CLIENT598=0108=3010=142
20250908-11:35:10: Enqueued at pos 1581: 8=FIX.4.49=7235=A34=158149=BROKER152=20250908-11:35:15.93156=CLIENT598=0108=3010=142
20250908-11:35:10: Sent ResendRequest FROM: 1580 TO: infinity
20250908-11:35:10: ResendRequest for messages FROM 1580 TO 1580 has been satisfied.
20250908-11:35:10: Reject sent for message 1580: Unsupported Message Type
20250908-11:35:10: Processing queued message: 1581
20250908-11:35:11: Reject sent for message 1582: Unsupported Message Type
20250908-11:35:11: Reject sent for message 1583: Unsupported Message Type
20250908-11:35:11: Reject sent for message 1584: Unsupported Message Type
20250908-11:35:11: Reject sent for message 1585: Unsupported Message Type
20250908-11:35:11: Reject sent for message 1586: Unsupported Message Type
20250908-11:35:11: Reject sent for message 1587: Unsupported Message Type
20250908-11:35:11: Reject sent for message 1588: Unsupported Message Type
20250908-11:35:11: Reject sent for message 1589: Unsupported Message Type
20250908-11:35:11: Reject sent for message 1590: Unsupported Message Type
20250908-11:35:11: Reject sent for message 1591: Unsupported Message Type
20250908-11:35:11: Reject sent for message 1592: Unsupported Message Type
20250908-11:35:11: Reject sent for message 1593: Unsupported Message Type
20250908-11:35:11: Reject sent for message 1594: Unsupported Message Type
20250908-11:35:11: Reject sent for message 1595: Unsupported Message Type
20250908-11:35:11: Reject sent for message 1596: Unsupported Message Type
20250908-11:35:11: Reject sent for message 1597: Unsupported Message Type
20250908-11:35:11: Reject sent for message 1598: Unsupported Message Type
20250908-11:35:11: Reject sent for message 1599: Unsupported Message Type
20250908-11:35:11: Reject sent for message 1600: Unsupported Message Type
20250908-11:35:11: Reject sent for message 1601: Unsupported Message Type
20250908-11:35:11: Reject sent for message 1602: Unsupported Message Type
20250908-11:35:11: Reject sent for message 1603: Unsupported Message Type
20250908-11:35:11: Reject sent for message 1604: Unsupported Message Type
20250908-11:35:11: Reject sent for message 1605: Unsupported Message Type
20250908-11:35:11: Reject sent for message 1606: Unsupported Message Type
20250908-11:35:11: Reject sent for message 1607: Unsupported Message Type
20250908-11:35:11: Reject sent for message 1608: Unsupported Message Type
20250908-11:35:11: Reject sent for message 1609: Unsupported Message Type
20250908-11:35:11: Reject sent for message 1610: Unsupported Message Type
20250908-11:35:11: Reject sent for message 1611: Unsupported Message Type
20250908-11:35:11: Reject sent for message 1612: Unsupported Message Type
20250908-11:35:11: Reject sent for message 1613: Unsupported Message Type
20250908-11:35:11: Reject sent for message 1614: Unsupported Message Type
20250908-11:35:11: Reject sent for message 1615: Unsupported Message Type
20250908-11:35:11: Reject sent for message 1616: Unsupported Message Type
20250908-11:35:11: Reject sent for message 1617: Unsupported Message Type
20250908-11:35:11: Reject sent for message 1618: Unsupported Message Type
20250908-11:35:11: Reject sent for message 1619: Unsupported Message Type
20250908-11:35:11: Reject sent for message 1620: Unsupported Message Type
20250908-11:35:11: Reject sent for message 1621: Unsupported Message Type
20250908-11:35:11: Reject sent for message 1622: Unsupported Message Type
20250908-11:35:11: Reject sent for message 1623: Unsupported Message Type
20250908-11:35:11: Reject sent for message 1624: Unsupported Message Type
20250908-11:35:11: Reject sent for message 1625: Unsupported Message Type
20250908-11:35:11: Reject sent for message 1626: Unsupported Message Type
20250908-11:35:11: Reject sent for message 1627: Unsupported Message Type
20250908-11:35:11: Reject sent for message 1628: Unsupported Message Type
20250908-11:35:11: Reject sent for message 1629: Unsupported Message Type
20250908-11:35:11: Reject sent for message 1630: Unsupported Message Type
20250908-11:35:11: Reject sent for message 1631: Unsupported Message Type
20250908-11:35:11: Reject sent for message 1632: Unsupported Message Type
20250908-11:35:11: Reject sent for message 1633: Unsupported Message Type
20250908-11:35:11: Reject sent for message 1634: Unsupported Message Type
20250908-11:35:11: Reject sent for message 1635: Unsupported Message Type
20250908-11:35:11: Reject sent for message 1636: Unsupported Message Type
20250908-11:35:11: Reject sent for message 1637: Unsupported Message Type
20250908-11:35:11: Reject sent for message 1638: Unsupported Message Type
20250908-11:35:11: Reject sent for message 1639: Unsupported Message Type
20250908-11:35:11: Reject sent for message 1640: Unsupported Message Type
20250908-11:35:11: Reject sent for message 1641: Unsupported Message Type
20250908-11:35:11: Reject sent for message 1642: Unsupported Message Type
20250908-11:35:11: Reject sent for message 1643: Unsupported Message Type
20250908-11:35:11: Reject sent for message 1644: Unsupported Message Type
20250908-11:35:11: Reject sent for message 1645: Unsupported Message Type
20250908-11:35:11: Reject sent for message 1646: Unsupported Message Type
20250908-11:35:11: Reject sent for message 1647: Unsupported Message Type
20250908-11:35:11: Reject sent for message 1648: Unsupported Message Type
20250908-11:35:11: Reject sent for message 1649: Unsupported Message Type
20250908-11:35:11: Reject sent for message 1650: Unsupported Message Type
20250908-11:35:11: Reject sent for message 1651: Unsupported Message Type
20250908-11:35:11: Reject sent for message 1652: Unsupported Message Type
20250908-11:35:11: Reject sent for message 1653: Unsupported Message Type
20250908-11:35:11: Reject sent for message 1654: Unsupported Message Type
20250908-11:35:11: Reject sent for message 1655: Unsupported Message Type
20250908-11:35:11: Reject sent for message 1656: Unsupported Message Type
20250908-11:35:11: Reject sent for message 1657: Unsupported Message Type
20250908-11:35:11: Reject sent for message 1658: Unsupported Message Type
20250908-11:35:11: Reject sent for message 1659: Unsupported Message Type
20250908-11:35:12: Reject sent for message 1660: Unsupported Message Type
20250908-11:35:12: Reject sent for message 1661: Unsupported Message Type
20250908-11:35:12: Reject sent for message 1662: Unsupported Message Type
20250908-11:35:12: Reject sent for message 1663: Unsupported Message Type
20250908-11:35:12: Reject sent for message 1664: Unsupported Message Type
20250908-11:35:12: Reject sent for message 1665: Unsupported Message Type
20250908-11:35:12: Reject sent for message 1666: Unsupported Message Type
20250908-11:35:12: Reject sent for message 1667: Unsupported Message Type
20250908-11:35:12: Reject sent for message 1668: Unsupported Message Type
20250908-11:35:12: Reject sent for message 1669: Unsupported Message Type
20250908-11:35:12: Reject sent for message 1670: Unsupported Message Type
20250908-11:35:12: Reject sent for message 1671: Unsupported Message Type
20250908-11:35:12: Reject sent for message 1672: Unsupported Message Type
20250908-11:35:12: Reject sent for message 1673: Unsupported Message Type
20250908-11:35:12: Reject sent for message 1674: Unsupported Message Type
20250908-11:35:12: Reject sent for message 1675: Unsupported Message Type
20250908-11:35:12: Reject sent for message 1676: Unsupported Message Type
20250908-11:35:12: Reject sent for message 1677: Unsupported Message Type
20250908-11:35:12: Reject sent for message 1678: Unsupported Message Type
20250908-11:35:12: Reject sent for message 1679: Unsupported Message Type
20250908-11:35:12: Reject sent for message 1680: Unsupported Message Type
20250908-11:35:12: Reject sent for message 1681: Unsupported Message Type
20250908-11:35:12: Reject sent for message 1682: Unsupported Message Type
20250908-11:35:12: Reject sent for message 1683: Unsupported Message Type
20250908-11:35:12: Reject sent for message 1684: Unsupported Message Type
20250908-11:35:12: Reject sent for message 1685: Unsupported Message Type
20250908-11:35:12: Reject sent for message 1686: Unsupported Message Type
20250908-11:35:12: Reject sent for message 1687: Unsupported Message Type
20250908-11:35:12: Reject sent for message 1688: Unsupported Message Type
20250908-11:35:12: Reject sent for message 1689: Unsupported Message Type
20250908-11:35:12: Reject sent for message 1690: Unsupported Message Type
20250908-11:35:12: Reject sent for message 1691: Unsupported Message Type
20250908-11:35:12: Reject sent for message 1692: Unsupported Message Type
20250908-11:35:12: Reject sent for message 1693: Unsupported Message Type
20250908-11:35:12: Reject sent for message 1694: Unsupported Message Type
20250908-11:35:12: Reject sent for message 1695: Unsupported Message Type
20250908-11:35:12: Reject sent for message 1696: Unsupported Message Type
20250908-11:35:12: Reject sent for message 1697: Unsupported Message Type
20250908-11:35:12: Reject sent for message 1698: Unsupported Message Type
20250908-11:35:12: Reject sent for message 1699: Unsupported Message Type
20250908-11:35:12: Reject sent for message 1700: Unsupported Message Type
20250908-11:35:12: Reject sent for message 1701: Unsupported Message Type
20250908-11:35:12: Reject sent for message 1702: Unsupported Message Type
20250908-11:35:12: Reject sent for message 1703: Unsupported Message Type
20250908-11:35:12: Reject sent for message 1704: Unsupported Message Type
20250908-11:35:12: Reject sent for message 1705: Unsupported Message Type
20250908-11:35:12: Reject sent for message 1706: Unsupported Message Type
20250908-11:35:12: Reject sent for message 1707: Unsupported Message Type
20250908-11:35:12: Reject sent for message 1708: Unsupported Message Type
20250908-11:35:12: Reject sent for message 1709: Unsupported Message Type
20250908-11:35:12: Reject sent for message 1710: Unsupported Message Type
20250908-11:35:12: Reject sent for message 1711: Unsupported Message Type
20250908-11:35:12: Reject sent for message 1712: Unsupported Message Type
20250908-11:35:12: Reject sent for message 1713: Unsupported Message Type
20250908-11:35:12: Reject sent for message 1714: Unsupported Message Type
20250908-11:35:12: Reject sent for message 1715: Unsupported Message Type
20250908-11:35:12: Reject sent for message 1716: Unsupported Message Type
20250908-11:35:12: Reject sent for message 1717: Unsupported Message Type
20250908-11:35:12: Reject sent for message 1718: Unsupported Message Type
20250908-11:35:12: Reject sent for message 1719: Unsupported Message Type
20250908-11:35:12: Reject sent for message 1720: Unsupported Message Type
20250908-11:35:12: Reject sent for message 1721: Unsupported Message Type
20250908-11:35:12: Reject sent for message 1722: Unsupported Message Type
20250908-11:35:12: Reject sent for message 1723: Unsupported Message Type
20250908-11:35:12: Reject sent for message 1724: Unsupported Message Type
20250908-11:35:12: Reject sent for message 1725: Unsupported Message Type
20250908-11:35:12: Reject sent for message 1726: Unsupported Message Type
20250908-11:35:12: Reject sent for message 1727: Unsupported Message Type
20250908-11:35:12: Reject sent for message 1728: Unsupported Message Type
20250908-11:35:12: Reject sent for message 1729: Unsupported Message Type
20250908-11:35:12: Reject sent for message 1730: Unsupported Message Type
20250908-11:35:12: Reject sent for message 1731: Unsupported Message Type
20250908-11:35:12: Reject sent for message 1732: Unsupported Message Type
20250908-11:35:12: Reject sent for message 1733: Unsupported Message Type
20250908-11:35:12: Reject sent for message 1734: Unsupported Message Type
20250908-11:35:12: Reject sent for message 1735: Unsupported Message Type
20250908-11:35:12: Reject sent for message 1736: Unsupported Message Type
20250908-11:35:12: Reject sent for message 1737: Unsupported Message Type
20250908-11:35:12: Reject sent for message 1738: Unsupported Message Type
20250908-11:35:12: Reject sent for message 1739: Unsupported Message Type
20250908-11:35:12: Reject sent for message 1740: Unsupported Message Type
20250908-11:35:12: Reject sent for message 1741: Unsupported Message Type
20250908-11:35:12: Reject sent for message 1742: Unsupported Message Type
20250908-11:35:12: Reject sent for message 1743: Unsupported Message Type
20250908-11:35:12: Reject sent for message 1744: Unsupported Message Type
20250908-11:35:12: Reject sent for message 1745: Unsupported Message Type
20250908-11:35:12: Reject sent for message 1746: Unsupported Message Type
20250908-11:35:12: Reject sent for message 1747: Unsupported Message Type
20250908-11:35:12: Reject sent for message 1748: Unsupported Message Type
20250908-11:35:12: Reject sent for message 1749: Unsupported Message Type
20250908-11:35:12: Reject sent for message 1750: Unsupported Message Type
20250908-11:35:12: Reject sent for message 1751: Unsupported Message Type
20250908-11:35:12: Reject sent for message 1752: Unsupported Message Type
20250908-11:35:12: Reject sent for message 1753: Unsupported Message Type
20250908-11:35:12: Reject sent for message 1754: Unsupported Message Type
20250908-11:35:12: Reject sent for message 1755: Unsupported Message Type
20250908-11:35:12: Reject sent for message 1756: Unsupported Message Type
20250908-11:35:12: Reject sent for message 1757: Unsupported Message Type
20250908-11:35:12: Reject sent for message 1758: Unsupported Message Type
20250908-11:35:12: Reject sent for message 1759: Unsupported Message Type
20250908-11:35:12: Reject sent for message 1760: Unsupported Message Type
20250908-11:35:12: Reject sent for message 1761: Unsupported Message Type
20250908-11:35:12: Reject sent for message 1762: Unsupported Message Type
20250908-11:35:12: Reject sent for message 1763: Unsupported Message Type
20250908-11:35:12: Reject sent for message 1764: Unsupported Message Type
20250908-11:35:12: Reject sent for message 1765: Unsupported Message Type
20250908-11:35:12: Reject sent for message 1766: Unsupported Message Type
20250908-11:35:12: Reject sent for message 1767: Unsupported Message Type
20250908-11:35:12: Reject sent for message 1768: Unsupported Message Type
20250908-11:35:12: Reject sent for message 1769: Unsupported Message Type
20250908-11:35:12: Reject sent for message 1770: Unsupported Message Type
20250908-11:35:12: Reject sent for message 1771: Unsupported Message Type
20250908-11:35:12: Reject sent for message 1772: Unsupported Message Type
20250908-11:35:12: Reject sent for message 1773: Unsupported Message Type
20250908-11:35:12: Reject sent for message 1774: Unsupported Message Type
20250908-11:35:12: Reject sent for message 1775: Unsupported Message Type
20250908-11:35:12: Reject sent for message 1776: Unsupported Message Type
20250908-11:35:12: Reject sent for message 1777: Unsupported Message Type
20250908-11:35:12: Reject sent for message 1778: Unsupported Message Type
20250908-11:35:12: Reject sent for message 1779: Unsupported Message Type
20250908-11:35:12: Reject sent for message 1780: Unsupported Message Type
20250908-11:35:12: Reject sent for message 1781: Unsupported Message Type
20250908-11:35:12: Reject sent for message 1782: Unsupported Message Type
20250908-11:35:12: Reject sent for message 1783: Unsupported Message Type
20250908-11:35:12: Reject sent for message 1784: Unsupported Message Type
20250908-11:35:12: Reject sent for message 1785: Unsupported Message Type
20250908-11:35:12: Reject sent for message 1786: Unsupported Message Type
20250908-11:35:12: Reject sent for message 1787: Unsupported Message Type
20250908-11:35:12: Reject sent for message 1788: Unsupported Message Type
20250908-11:35:12: Reject sent for message 1789: Unsupported Message Type
20250908-11:35:12: Reject sent for message 1790: Unsupported Message Type
20250908-11:35:12: Reject sent for message 1791: Unsupported Message Type
20250908-11:35:12: Reject sent for message 1792: Unsupported Message Type
20250908-11:35:12: Reject sent for message 1793: Unsupported Message Type
20250908-11:35:12: Reject sent for message 1794: Unsupported Message Type
20250908-11:35:12: Reject sent for message 1795: Unsupported Message Type
20250908-11:35:12: Reject sent for message 1796: Unsupported Message Type
20250908-11:35:12: Reject sent for message 1797: Unsupported Message Type
20250908-11:35:12: Reject sent for message 1798: Unsupported Message Type
20250908-11:35:12: Reject sent for message 1799: Unsupported Message Type
20250908-11:35:12: Reject sent for message 1800: Unsupported Message Type
20250908-11:35:12: Reject sent for message 1801: Unsupported Message Type
20250908-11:35:12: Reject sent for message 1802: Unsupported Message Type
20250908-11:35:12: Reject sent for message 1803: Unsupported Message Type
20250908-11:35:12: Reject sent for message 1804: Unsupported Message Type
20250908-11:35:12: Reject sent for message 1805: Unsupported Message Type
20250908-11:35:12: Reject sent for message 1806: Unsupported Message Type
20250908-11:35:12: Reject sent for message 1807: Unsupported Message Type
20250908-11:35:12: Reject sent for message 1808: Unsupported Message Type
20250908-11:35:12: Reject sent for message 1809: Unsupported Message Type
20250908-11:35:12: Reject sent for message 1810: Unsupported Message Type
20250908-11:35:12: Reject sent for message 1811: Unsupported Message Type
20250908-11:35:12: Reject sent for message 1812: Unsupported Message Type
20250908-11:35:12: Reject sent for message 1813: Unsupported Message Type
20250908-11:35:12: Reject sent for message 1814: Unsupported Message Type
20250908-11:35:12: Reject sent for message 1815: Unsupported Message Type
20250908-11:35:12: Reject sent for message 1816: Unsupported Message Type
20250908-11:35:12: Reject sent for message 1817: Unsupported Message Type
20250908-11:35:13: Reject sent for message 1818: Unsupported Message Type
20250908-11:35:13: Reject sent for message 1819: Unsupported Message Type
20250908-11:35:13: Reject sent for message 1820: Unsupported Message Type
20250908-11:35:13: Reject sent for message 1821: Unsupported Message Type
20250908-11:35:13: Reject sent for message 1822: Unsupported Message Type
20250908-11:35:13: Reject sent for message 1823: Unsupported Message Type
20250908-11:35:13: Reject sent for message 1824: Unsupported Message Type
20250908-11:35:13: Reject sent for message 1825: Unsupported Message Type
20250908-11:35:13: Reject sent for message 1826: Unsupported Message Type
20250908-11:35:13: Reject sent for message 1827: Unsupported Message Type
20250908-11:35:13: Reject sent for message 1828: Unsupported Message Type
20250908-11:35:13: Reject sent for message 1829: Unsupported Message Type
20250908-11:35:13: Reject sent for message 1830: Unsupported Message Type
20250908-11:35:13: Reject sent for message 1831: Unsupported Message Type
20250908-11:35:13: Reject sent for message 1832: Unsupported Message Type
20250908-11:35:13: Reject sent for message 1833: Unsupported Message Type
20250908-11:35:13: Reject sent for message 1834: Unsupported Message Type
20250908-11:35:13: Reject sent for message 1835: Unsupported Message Type
20250908-11:35:13: Reject sent for message 1836: Unsupported Message Type
20250908-11:35:13: Reject sent for message 1837: Unsupported Message Type
20250908-11:35:13: Reject sent for message 1838: Unsupported Message Type
20250908-11:35:13: Reject sent for message 1839: Unsupported Message Type
20250908-11:35:13: Reject sent for message 1840: Unsupported Message Type
20250908-11:35:13: Reject sent for message 1841: Unsupported Message Type
20250908-11:35:13: Reject sent for message 1842: Unsupported Message Type
20250908-11:35:13: Reject sent for message 1843: Unsupported Message Type
20250908-11:35:13: Reject sent for message 1844: Unsupported Message Type
20250908-11:35:13: Reject sent for message 1845: Unsupported Message Type
20250908-11:35:13: Reject sent for message 1846: Unsupported Message Type
20250908-11:35:13: Reject sent for message 1847: Unsupported Message Type
20250908-11:35:13: Reject sent for message 1848: Unsupported Message Type
20250908-11:35:13: Reject sent for message 1849: Unsupported Message Type
20250908-11:35:13: Reject sent for message 1850: Unsupported Message Type
20250908-11:35:13: Reject sent for message 1851: Unsupported Message Type
20250908-11:35:13: Reject sent for message 1852: Unsupported Message Type
20250908-11:35:13: Reject sent for message 1853: Unsupported Message Type
20250908-11:35:13: Reject sent for message 1854: Unsupported Message Type
20250908-11:35:13: Reject sent for message 1855: Unsupported Message Type
20250908-11:35:13: Reject sent for message 1856: Unsupported Message Type
20250908-11:35:13: Reject sent for message 1857: Unsupported Message Type
20250908-11:35:13: Reject sent for message 1858: Unsupported Message Type
20250908-11:35:13: Reject sent for message 1859: Unsupported Message Type
20250908-11:35:13: Reject sent for message 1860: Unsupported Message Type
20250908-11:35:13: Reject sent for message 1861: Unsupported Message Type
20250908-11:35:13: Reject sent for message 1862: Unsupported Message Type
20250908-11:35:13: Reject sent for message 1863: Unsupported Message Type
20250908-11:35:13: Reject sent for message 1864: Unsupported Message Type
20250908-11:35:13: Reject sent for message 1865: Unsupported Message Type
20250908-11:35:13: Reject sent for message 1866: Unsupported Message Type
20250908-11:35:13: Reject sent for message 1867: Unsupported Message Type
20250908-11:35:13: Reject sent for message 1868: Unsupported Message Type
20250908-11:35:13: Reject sent for message 1869: Unsupported Message Type
20250908-11:35:13: Reject sent for message 1870: Unsupported Message Type
20250908-11:35:13: Reject sent for message 1871: Unsupported Message Type
20250908-11:35:13: Reject sent for message 1872: Unsupported Message Type
20250908-11:35:13: Reject sent for message 1873: Unsupported Message Type
20250908-11:35:13: Reject sent for message 1874: Unsupported Message Type
20250908-11:35:13: Reject sent for message 1875: Unsupported Message Type
20250908-11:35:13: Reject sent for message 1876: Unsupported Message Type
20250908-11:35:13: Reject sent for message 1877: Unsupported Message Type
20250908-11:35:13: Reject sent for message 1878: Unsupported Message Type
20250908-11:35:13: Reject sent for message 1879: Unsupported Message Type
20250908-11:35:13: Reject sent for message 1880: Unsupported Message Type
20250908-11:35:13: Reject sent for message 1881: Unsupported Message Type
20250908-11:35:13: Reject sent for message 1882: Unsupported Message Type
20250908-11:35:13: Reject sent for message 1883: Unsupported Message Type
20250908-11:35:13: Reject sent for message 1884: Unsupported Message Type
20250908-11:35:13: Reject sent for message 1885: Unsupported Message Type
20250908-11:35:13: Reject sent for message 1886: Unsupported Message Type
20250908-11:35:13: Reject sent for message 1887: Unsupported Message Type
20250908-11:35:13: Reject sent for message 1888: Unsupported Message Type
20250908-11:35:13: Reject sent for message 1889: Unsupported Message Type
20250908-11:35:13: Reject sent for message 1890: Unsupported Message Type
20250908-11:35:13: Reject sent for message 1891: Unsupported Message Type
20250908-11:35:13: Reject sent for message 1892: Unsupported Message Type
20250908-11:35:13: Reject sent for message 1893: Unsupported Message Type
20250908-11:35:13: Reject sent for message 1894: Unsupported Message Type
20250908-11:35:13: Reject sent for message 1895: Unsupported Message Type
20250908-11:35:13: Reject sent for message 1896: Unsupported Message Type
20250908-11:35:13: Reject sent for message 1897: Unsupported Message Type
20250908-11:35:13: Reject sent for message 1898: Unsupported Message Type
20250908-11:35:13: Reject sent for message 1899: Unsupported Message Type
20250908-11:35:13: Reject sent for message 1900: Unsupported Message Type
20250908-11:35:13: Reject sent for message 1901: Unsupported Message Type
20250908-11:35:13: Reject sent for message 1902: Unsupported Message Type
20250908-11:35:13: Reject sent for message 1903: Unsupported Message Type
20250908-11:35:13: Reject sent for message 1904: Unsupported Message Type
20250908-11:35:13: Reject sent for message 1905: Unsupported Message Type
20250908-11:35:13: Reject sent for message 1906: Unsupported Message Type
20250908-11:35:13: Reject sent for message 1907: Unsupported Message Type
20250908-11:35:13: Reject sent for message 1908: Unsupported Message Type
20250908-11:35:13: Reject sent for message 1909: Unsupported Message Type
20250908-11:35:13: Reject sent for message 1910: Unsupported Message Type
20250908-11:35:13: Reject sent for message 1911: Unsupported Message Type
20250908-11:35:13: Reject sent for message 1912: Unsupported Message Type
20250908-11:35:13: Reject sent for message 1913: Unsupported Message Type
20250908-11:35:13: Reject sent for message 1914: Unsupported Message Type
20250908-11:35:13: Reject sent for message 1915: Unsupported Message Type
20250908-11:35:13: Reject sent for message 1916: Unsupported Message Type
20250908-11:35:13: Reject sent for message 1917: Unsupported Message Type
20250908-11:35:13: Reject sent for message 1918: Unsupported Message Type
20250908-11:35:13: Reject sent for message 1919: Unsupported Message Type
20250908-11:35:13: Reject sent for message 1920: Unsupported Message Type
20250908-11:35:13: Reject sent for message 1921: Unsupported Message Type
20250908-11:35:13: Reject sent for message 1922: Unsupported Message Type
20250908-11:35:13: Reject sent for message 1923: Unsupported Message Type
20250908-11:35:13: Reject sent for message 1924: Unsupported Message Type
20250908-11:35:13: Reject sent for message 1925: Unsupported Message Type
20250908-11:35:13: Reject sent for message 1926: Unsupported Message Type
20250908-11:35:13: Reject sent for message 1927: Unsupported Message Type
20250908-11:35:13: Reject sent for message 1928: Unsupported Message Type
20250908-11:35:13: Reject sent for message 1929: Unsupported Message Type
20250908-11:35:13: Reject sent for message 1930: Unsupported Message Type
20250908-11:35:13: Reject sent for message 1931: Unsupported Message Type
20250908-11:35:13: Reject sent for message 1932: Unsupported Message Type
20250908-11:35:13: Reject sent for message 1933: Unsupported Message Type
20250908-11:35:13: Reject sent for message 1934: Unsupported Message Type
20250908-11:35:13: Reject sent for message 1935: Unsupported Message Type
20250908-11:35:13: Reject sent for message 1936: Unsupported Message Type
20250908-11:35:13: Reject sent for message 1937: Unsupported Message Type
20250908-11:35:13: Reject sent for message 1938: Unsupported Message Type
20250908-11:35:13: Reject sent for message 1939: Unsupported Message Type
20250908-11:35:13: Reject sent for message 1940: Unsupported Message Type
20250908-11:35:13: Reject sent for message 1941: Unsupported Message Type
20250908-11:35:13: Reject sent for message 1942: Unsupported Message Type
20250908-11:35:13: Reject sent for message 1943: Unsupported Message Type
20250908-11:35:13: Reject sent for message 1944: Unsupported Message Type
20250908-11:35:13: Reject sent for message 1945: Unsupported Message Type
20250908-11:35:13: Reject sent for message 1946: Unsupported Message Type
20250908-11:35:13: Reject sent for message 1947: Unsupported Message Type
20250908-11:35:13: Reject sent for message 1948: Unsupported Message Type
20250908-11:35:13: Reject sent for message 1949: Unsupported Message Type
20250908-11:35:13: Reject sent for message 1950: Unsupported Message Type
20250908-11:35:13: Reject sent for message 1951: Unsupported Message Type
20250908-11:35:13: Reject sent for message 1952: Unsupported Message Type
20250908-11:35:13: Reject sent for message 1953: Unsupported Message Type
20250908-11:35:13: Reject sent for message 1954: Unsupported Message Type
20250908-11:35:13: Reject sent for message 1955: Unsupported Message Type
20250908-11:35:13: Reject sent for message 1956: Unsupported Message Type
20250908-11:35:13: Reject sent for message 1957: Unsupported Message Type
20250908-11:35:13: Reject sent for message 1958: Unsupported Message Type
20250908-11:35:13: Reject sent for message 1959: Unsupported Message Type
20250908-11:35:13: Reject sent for message 1960: Unsupported Message Type
20250908-11:35:13: Reject sent for message 1961: Unsupported Message Type
20250908-11:35:13: Reject sent for message 1962: Unsupported Message Type
20250908-11:35:13: Reject sent for message 1963: Unsupported Message Type
20250908-11:35:13: Reject sent for message 1964: Unsupported Message Type
20250908-11:35:13: Reject sent for message 1965: Unsupported Message Type
20250908-11:35:13: Reject sent for message 1966: Unsupported Message Type
20250908-11:35:13: Reject sent for message 1967: Unsupported Message Type
20250908-11:35:13: Reject sent for message 1968: Unsupported Message Type
20250908-11:35:13: Reject sent for message 1969: Unsupported Message Type
20250908-11:35:13: Reject sent for message 1970: Unsupported Message Type
20250908-11:35:13: Reject sent for message 1971: Unsupported Message Type
20250908-11:35:13: Reject sent for message 1972: Unsupported Message Type
20250908-11:35:13: Reject sent for message 1973: Unsupported Message Type
20250908-11:35:13: Reject sent for message 1974: Unsupported Message Type
20250908-11:35:13: Reject sent for message 1975: Unsupported Message Type
20250908-11:35:13: Reject sent for message 1976: Unsupported Message Type
20250908-11:35:13: Reject sent for message 1977: Unsupported Message Type
20250908-11:35:13: Reject sent for message 1978: Unsupported Message Type
20250908-11:35:13: Reject sent for message 1979: Unsupported Message Type
20250908-11:35:13: Reject sent for message 1980: Unsupported Message Type
20250908-11:35:13: Reject sent for message 1981: Unsupported Message Type
20250908-11:35:13: Reject sent for message 1982: Unsupported Message Type
20250908-11:35:13: Reject sent for message 1983: Unsupported Message Type
20250908-11:35:13: Reject sent for message 1984: Unsupported Message Type
20250908-11:35:13: Reject sent for message 1985: Unsupported Message Type
20250908-11:35:13: Reject sent for message 1986: Unsupported Message Type
20250908-11:35:13: Reject sent for message 1987: Unsupported Message Type
20250908-11:35:13: Reject sent for message 1988: Unsupported Message Type
20250908-11:35:13: Reject sent for message 1989: Unsupported Message Type
20250908-11:35:13: Reject sent for message 1990: Unsupported Message Type
20250908-11:35:13: Reject sent for message 1991: Unsupported Message Type
20250908-11:35:13: Reject sent for message 1992: Unsupported Message Type
20250908-11:35:13: Reject sent for message 1993: Unsupported Message Type
20250908-11:35:13: Reject sent for message 1994: Unsupported Message Type
20250908-11:35:13: Reject sent for message 1995: Unsupported Message Type
20250908-11:35:13: Reject sent for message 1996: Unsupported Message Type
20250908-11:35:13: Reject sent for message 1997: Unsupported Message Type
20250908-11:35:13: Reject sent for message 1998: Unsupported Message Type
20250908-11:35:13: Reject sent for message 1999: Unsupported Message Type
20250908-11:35:13: Reject sent for message 2000: Unsupported Message Type
20250908-11:35:13: Reject sent for message 2001: Unsupported Message Type
20250908-11:35:14: Reject sent for message 2002: Unsupported Message Type
20250908-11:35:14: Reject sent for message 2003: Unsupported Message Type
20250908-11:35:14: Reject sent for message 2004: Unsupported Message Type
20250908-11:35:14: Reject sent for message 2005: Unsupported Message Type
20250908-11:35:14: Reject sent for message 2006: Unsupported Message Type
20250908-11:35:14: Reject sent for message 2007: Unsupported Message Type
20250908-11:35:14: Reject sent for message 2008: Unsupported Message Type
20250908-11:35:14: Reject sent for message 2009: Unsupported Message Type
20250908-11:35:14: Reject sent for message 2010: Unsupported Message Type
20250908-11:35:14: Reject sent for message 2011: Unsupported Message Type
20250908-11:35:14: Reject sent for message 2012: Unsupported Message Type
20250908-11:35:14: Reject sent for message 2013: Unsupported Message Type
20250908-11:35:14: Reject sent for message 2014: Unsupported Message Type
20250908-11:35:14: Reject sent for message 2015: Unsupported Message Type
20250908-11:35:14: Reject sent for message 2016: Unsupported Message Type
20250908-11:35:14: Reject sent for message 2017: Unsupported Message Type
20250908-11:35:14: Reject sent for message 2018: Unsupported Message Type
20250908-11:35:14: Reject sent for message 2019: Unsupported Message Type
20250908-11:35:14: Reject sent for message 2020: Unsupported Message Type
20250908-11:35:14: Reject sent for message 2021: Unsupported Message Type
20250908-11:35:14: Reject sent for message 2022: Unsupported Message Type
20250908-11:35:14: Reject sent for message 2023: Unsupported Message Type
20250908-11:35:14: Reject sent for message 2024: Unsupported Message Type
20250908-11:35:14: Reject sent for message 2025: Unsupported Message Type
20250908-11:35:14: Reject sent for message 2026: Unsupported Message Type
20250908-11:35:14: Reject sent for message 2027: Unsupported Message Type
20250908-11:35:14: Reject sent for message 2028: Unsupported Message Type
20250908-11:35:14: Reject sent for message 2029: Unsupported Message Type
20250908-11:35:14: Reject sent for message 2030: Unsupported Message Type
20250908-11:35:14: Reject sent for message 2031: Unsupported Message Type
20250908-11:35:14: Reject sent for message 2032: Unsupported Message Type
20250908-11:35:14: Reject sent for message 2033: Unsupported Message Type
20250908-11:35:14: Reject sent for message 2034: Unsupported Message Type
20250908-11:35:14: Reject sent for message 2035: Unsupported Message Type
20250908-11:35:14: Reject sent for message 2036: Unsupported Message Type
20250908-11:35:14: Reject sent for message 2037: Unsupported Message Type
20250908-11:35:14: Reject sent for message 2038: Unsupported Message Type
20250908-11:35:14: Reject sent for message 2039: Unsupported Message Type
20250908-11:35:14: Reject sent for message 2040: Unsupported Message Type
20250908-11:35:14: Reject sent for message 2041: Unsupported Message Type
20250908-11:35:14: Reject sent for message 2042: Unsupported Message Type
20250908-11:35:14: Reject sent for message 2043: Unsupported Message Type
20250908-11:35:14: Reject sent for message 2044: Unsupported Message Type
20250908-11:35:14: Reject sent for message 2045: Unsupported Message Type
20250908-11:35:14: Reject sent for message 2046: Unsupported Message Type
20250908-11:35:14: Reject sent for message 2047: Unsupported Message Type
20250908-11:35:14: Reject sent for message 2048: Unsupported Message Type
20250908-11:35:14: Reject sent for message 2049: Unsupported Message Type
20250908-11:35:14: Reject sent for message 2050: Unsupported Message Type
20250908-11:35:14: Reject sent for message 2051: Unsupported Message Type
20250908-11:35:14: Reject sent for message 2052: Unsupported Message Type
20250908-11:35:14: Reject sent for message 2053: Unsupported Message Type
20250908-11:35:14: Reject sent for message 2054: Unsupported Message Type
20250908-11:35:14: Reject sent for message 2055: Unsupported Message Type
20250908-11:35:14: Reject sent for message 2056: Unsupported Message Type
20250908-11:35:14: Reject sent for message 2057: Unsupported Message Type
20250908-11:35:14: Reject sent for message 2058: Unsupported Message Type
20250908-11:35:14: Reject sent for message 2059: Unsupported Message Type
20250908-11:35:14: Reject sent for message 2060: Unsupported Message Type
20250908-11:35:14: Reject sent for message 2061: Unsupported Message Type
20250908-11:35:14: Reject sent for message 2062: Unsupported Message Type
20250908-11:35:14: Reject sent for message 2063: Unsupported Message Type
20250908-11:35:14: Reject sent for message 2064: Unsupported Message Type
20250908-11:35:14: Reject sent for message 2065: Unsupported Message Type
20250908-11:35:14: Reject sent for message 2066: Unsupported Message Type
20250908-11:35:14: Reject sent for message 2067: Unsupported Message Type
20250908-11:35:14: Reject sent for message 2068: Unsupported Message Type
20250908-11:35:14: Reject sent for message 2069: Unsupported Message Type
20250908-11:35:14: Reject sent for message 2070: Unsupported Message Type
20250908-11:35:14: Reject sent for message 2071: Unsupported Message Type
20250908-11:35:14: Reject sent for message 2072: Unsupported Message Type
20250908-11:35:14: Reject sent for message 2073: Unsupported Message Type
20250908-11:35:14: Reject sent for message 2074: Unsupported Message Type
20250908-11:35:14: Reject sent for message 2075: Unsupported Message Type
20250908-11:35:14: Reject sent for message 2076: Unsupported Message Type
20250908-11:35:14: Reject sent for message 2077: Unsupported Message Type
20250908-11:35:14: Reject sent for message 2078: Unsupported Message Type
20250908-11:35:14: Reject sent for message 2079: Unsupported Message Type
20250908-11:35:14: Reject sent for message 2080: Unsupported Message Type
20250908-11:35:14: Reject sent for message 2081: Unsupported Message Type
20250908-11:35:14: Reject sent for message 2082: Unsupported Message Type
20250908-11:35:14: Reject sent for message 2083: Unsupported Message Type
20250908-11:35:14: Reject sent for message 2084: Unsupported Message Type
20250908-11:35:14: Reject sent for message 2085: Unsupported Message Type
20250908-11:35:14: Reject sent for message 2086: Unsupported Message Type
20250908-11:35:14: Reject sent for message 2087: Unsupported Message Type
20250908-11:35:14: Reject sent for message 2088: Unsupported Message Type
20250908-11:35:14: Reject sent for message 2089: Unsupported Message Type
20250908-11:35:14: Reject sent for message 2090: Unsupported Message Type
20250908-11:35:14: Reject sent for message 2091: Unsupported Message Type
20250908-11:35:14: Reject sent for message 2092: Unsupported Message Type
20250908-11:35:14: Reject sent for message 2093: Unsupported Message Type
20250908-11:35:14: Reject sent for message 2094: Unsupported Message Type
20250908-11:35:14: Reject sent for message 2095: Unsupported Message Type
20250908-11:35:14: Reject sent for message 2096: Unsupported Message Type
20250908-11:35:14: Reject sent for message 2097: Unsupported Message Type
20250908-11:35:14: Reject sent for message 2098: Unsupported Message Type
20250908-11:35:14: Reject sent for message 2099: Unsupported Message Type
20250908-11:35:14: Reject sent for message 2100: Unsupported Message Type
20250908-11:35:14: Reject sent for message 2101: Unsupported Message Type
20250908-11:35:14: Reject sent for message 2102: Unsupported Message Type
20250908-11:35:14: Reject sent for message 2103: Unsupported Message Type
20250908-11:35:14: Reject sent for message 2104: Unsupported Message Type
20250908-11:35:14: Reject sent for message 2105: Unsupported Message Type
20250908-11:35:14: Reject sent for message 2106: Unsupported Message Type
20250908-11:35:14: Reject sent for message 2107: Unsupported Message Type
20250908-11:35:14: Reject sent for message 2108: Unsupported Message Type
20250908-11:35:14: Reject sent for message 2109: Unsupported Message Type
20250908-11:35:14: Reject sent for message 2110: Unsupported Message Type
20250908-11:35:14: Reject sent for message 2111: Unsupported Message Type
20250908-11:35:14: Reject sent for message 2112: Unsupported Message Type
20250908-11:35:14: Reject sent for message 2113: Unsupported Message Type
20250908-11:35:14: Reject sent for message 2114: Unsupported Message Type
20250908-11:35:14: Reject sent for message 2115: Unsupported Message Type
20250908-11:35:14: Reject sent for message 2116: Unsupported Message Type
20250908-11:35:14: Reject sent for message 2117: Unsupported Message Type
20250908-11:35:14: Reject sent for message 2118: Unsupported Message Type
20250908-11:35:14: Reject sent for message 2119: Unsupported Message Type
20250908-11:35:14: Reject sent for message 2120: Unsupported Message Type
20250908-11:35:14: Reject sent for message 2121: Unsupported Message Type
20250908-11:35:14: Reject sent for message 2122: Unsupported Message Type
20250908-11:35:14: Reject sent for message 2123: Unsupported Message Type
20250908-11:35:14: Reject sent for message 2124: Unsupported Message Type
20250908-11:35:14: Reject sent for message 2125: Unsupported Message Type
20250908-11:35:14: Reject sent for message 2126: Unsupported Message Type
20250908-11:35:14: Reject sent for message 2127: Unsupported Message Type
20250908-11:35:14: Reject sent for message 2128: Unsupported Message Type
20250908-11:35:14: Reject sent for message 2129: Unsupported Message Type
20250908-11:35:14: Reject sent for message 2130: Unsupported Message Type
20250908-11:35:14: Reject sent for message 2131: Unsupported Message Type
20250908-11:35:14: Reject sent for message 2132: Unsupported Message Type
20250908-11:35:14: Reject sent for message 2133: Unsupported Message Type
20250908-11:35:14: Reject sent for message 2134: Unsupported Message Type
20250908-11:35:14: Reject sent for message 2135: Unsupported Message Type
20250908-11:35:14: Reject sent for message 2136: Unsupported Message Type
20250908-11:35:14: Reject sent for message 2137: Unsupported Message Type
20250908-11:35:14: Reject sent for message 2138: Unsupported Message Type
20250908-11:35:14: Reject sent for message 2139: Unsupported Message Type
20250908-11:35:14: Reject sent for message 2140: Unsupported Message Type
20250908-11:35:14: Reject sent for message 2141: Unsupported Message Type
20250908-11:35:14: Reject sent for message 2142: Unsupported Message Type
20250908-11:35:14: Reject sent for message 2143: Unsupported Message Type
20250908-11:35:14: Reject sent for message 2144: Unsupported Message Type
20250908-11:35:14: Reject sent for message 2145: Unsupported Message Type
20250908-11:35:14: Reject sent for message 2146: Unsupported Message Type
20250908-11:35:14: Reject sent for message 2147: Unsupported Message Type
20250908-11:35:14: Reject sent for message 2148: Unsupported Message Type
20250908-11:35:14: Reject sent for message 2149: Unsupported Message Type
20250908-11:35:14: Reject sent for message 2150: Unsupported Message Type
20250908-11:35:14: Reject sent for message 2151: Unsupported Message Type
20250908-11:35:14: Reject sent for message 2152: Unsupported Message Type
20250908-11:35:14: Reject sent for message 2153: Unsupported Message Type
20250908-11:35:14: Reject sent for message 2154: Unsupported Message Type
20250908-11:35:14: Reject sent for message 2155: Unsupported Message Type
20250908-11:35:14: Reject sent for message 2156: Unsupported Message Type
20250908-11:35:14: Reject sent for message 2157: Unsupported Message Type
20250908-11:35:14: Reject sent for message 2158: Unsupported Message Type
20250908-11:35:14: Reject sent for message 2159: Unsupported Message Type
20250908-11:35:14: Reject sent for message 2160: Unsupported Message Type
20250908-11:35:14: Reject sent for message 2161: Unsupported Message Type
20250908-11:35:14: Reject sent for message 2162: Unsupported Message Type
20250908-11:35:14: Reject sent for message 2163: Unsupported Message Type
20250908-11:35:14: Reject sent for message 2164: Unsupported Message Type
20250908-11:35:14: Reject sent for message 2165: Unsupported Message Type
20250908-11:35:14: Reject sent for message 2166: Unsupported Message Type
20250908-11:35:14: Reject sent for message 2167: Unsupported Message Type
20250908-11:35:14: Reject sent for message 2168: Unsupported Message Type
20250908-11:35:14: Reject sent for message 2169: Unsupported Message Type
20250908-11:35:14: Reject sent for message 2170: Unsupported Message Type
20250908-11:35:14: Reject sent for message 2171: Unsupported Message Type
20250908-11:35:14: Reject sent for message 2172: Unsupported Message Type
20250908-11:35:14: Reject sent for message 2173: Unsupported Message Type
20250908-11:35:14: Reject sent for message 2174: Unsupported Message Type
20250908-11:35:14: Reject sent for message 2175: Unsupported Message Type
20250908-11:35:14: Reject sent for message 2176: Unsupported Message Type
20250908-11:35:15: Reject sent for message 2177: Unsupported Message Type
20250908-11:35:15: Reject sent for message 2178: Unsupported Message Type
20250908-11:35:15: Reject sent for message 2179: Unsupported Message Type
20250908-11:35:15: Reject sent for message 2180: Unsupported Message Type
20250908-11:35:15: Reject sent for message 2181: Unsupported Message Type
20250908-11:35:15: Reject sent for message 2182: Unsupported Message Type
20250908-11:35:15: Reject sent for message 2183: Unsupported Message Type
20250908-11:35:15: Reject sent for message 2184: Unsupported Message Type
20250908-11:35:15: Reject sent for message 2185: Unsupported Message Type
20250908-11:35:15: Reject sent for message 2186: Unsupported Message Type
20250908-11:35:15: Reject sent for message 2187: Unsupported Message Type
20250908-11:35:15: Reject sent for message 2188: Unsupported Message Type
20250908-11:35:15: Reject sent for message 2189: Unsupported Message Type
20250908-11:35:15: Reject sent for message 2190: Unsupported Message Type
20250908-11:35:15: Reject sent for message 2191: Unsupported Message Type
20250908-11:35:15: Reject sent for message 2192: Unsupported Message Type
20250908-11:35:15: Reject sent for message 2193: Unsupported Message Type
20250908-11:35:15: Reject sent for message 2194: Unsupported Message Type
20250908-11:35:15: Reject sent for message 2195: Unsupported Message Type
20250908-11:35:15: Reject sent for message 2196: Unsupported Message Type
20250908-11:35:15: Reject sent for message 2197: Unsupported Message Type
20250908-11:35:15: Reject sent for message 2198: Unsupported Message Type
20250908-11:35:15: Reject sent for message 2199: Unsupported Message Type
20250908-11:35:15: Reject sent for message 2200: Unsupported Message Type
20250908-11:35:15: Reject sent for message 2201: Unsupported Message Type
20250908-11:35:15: Reject sent for message 2202: Unsupported Message Type
20250908-11:35:15: Reject sent for message 2203: Unsupported Message Type
20250908-11:35:15: Reject sent for message 2204: Unsupported Message Type
20250908-11:35:15: Reject sent for message 2205: Unsupported Message Type
20250908-11:35:15: Reject sent for message 2206: Unsupported Message Type
20250908-11:35:15: Reject sent for message 2207: Unsupported Message Type
20250908-11:35:15: Reject sent for message 2208: Unsupported Message Type
20250908-11:35:15: Reject sent for message 2209: Unsupported Message Type
20250908-11:35:15: Reject sent for message 2210: Unsupported Message Type
20250908-11:35:15: Reject sent for message 2211: Unsupported Message Type
20250908-11:35:15: Reject sent for message 2212: Unsupported Message Type
20250908-11:35:15: Reject sent for message 2213: Unsupported Message Type
20250908-11:35:15: Reject sent for message 2214: Unsupported Message Type
20250908-11:35:15: Reject sent for message 2215: Unsupported Message Type
20250908-11:35:15: Reject sent for message 2216: Unsupported Message Type
20250908-11:35:15: Reject sent for message 2217: Unsupported Message Type
20250908-11:35:15: Reject sent for message 2218: Unsupported Message Type
20250908-11:35:15: Reject sent for message 2219: Unsupported Message Type
20250908-11:35:15: Reject sent for message 2220: Unsupported Message Type
20250908-11:35:15: Reject sent for message 2221: Unsupported Message Type
20250908-11:35:15: Reject sent for message 2222: Unsupported Message Type
20250908-11:35:15: Reject sent for message 2223: Unsupported Message Type
20250908-11:35:15: Reject sent for message 2224: Unsupported Message Type
20250908-11:35:15: Reject sent for message 2225: Unsupported Message Type
20250908-11:35:15: Reject sent for message 2226: Unsupported Message Type
20250908-11:35:15: Reject sent for message 2227: Unsupported Message Type
20250908-11:35:15: Reject sent for message 2228: Unsupported Message Type
20250908-11:35:15: Reject sent for message 2229: Unsupported Message Type
20250908-11:35:15: Reject sent for message 2230: Unsupported Message Type
20250908-11:35:15: Reject sent for message 2231: Unsupported Message Type
20250908-11:35:15: Reject sent for message 2232: Unsupported Message Type
20250908-11:35:15: Reject sent for message 2233: Unsupported Message Type
20250908-11:35:15: Reject sent for message 2234: Unsupported Message Type
20250908-11:35:15: Reject sent for message 2235: Unsupported Message Type
20250908-11:35:15: Reject sent for message 2236: Unsupported Message Type
20250908-11:35:15: Reject sent for message 2237: Unsupported Message Type
20250908-11:35:15: Reject sent for message 2238: Unsupported Message Type
20250908-11:35:15: Reject sent for message 2239: Unsupported Message Type
20250908-11:35:15: Reject sent for message 2240: Unsupported Message Type
20250908-11:35:15: Reject sent for message 2241: Unsupported Message Type
20250908-11:35:15: Reject sent for message 2242: Unsupported Message Type
20250908-11:35:15: Reject sent for message 2243: Unsupported Message Type
20250908-11:35:15: Reject sent for message 2244: Unsupported Message Type
20250908-11:35:15: Reject sent for message 2245: Unsupported Message Type
20250908-11:35:15: Reject sent for message 2246: Unsupported Message Type
20250908-11:35:15: Reject sent for message 2247: Unsupported Message Type
20250908-11:35:15: Reject sent for message 2248: Unsupported Message Type
20250908-11:35:15: Reject sent for message 2249: Unsupported Message Type
20250908-11:35:15: Reject sent for message 2250: Unsupported Message Type
20250908-11:35:15: Reject sent for message 2251: Unsupported Message Type
20250908-11:35:15: Reject sent for message 2252: Unsupported Message Type
20250908-11:35:15: Reject sent for message 2253: Unsupported Message Type
20250908-11:35:15: Reject sent for message 2254: Unsupported Message Type
20250908-11:35:15: Reject sent for message 2255: Unsupported Message Type
20250908-11:35:15: Reject sent for message 2256: Unsupported Message Type
20250908-11:35:15: Reject sent for message 2257: Unsupported Message Type
20250908-11:35:15: Reject sent for message 2258: Unsupported Message Type
20250908-11:35:15: Reject sent for message 2259: Unsupported Message Type
20250908-11:35:15: Reject sent for message 2260: Unsupported Message Type
20250908-11:35:15: Reject sent for message 2261: Unsupported Message Type
20250908-11:35:15: Reject sent for message 2262: Unsupported Message Type
20250908-11:35:15: Reject sent for message 2263: Unsupported Message Type
20250908-11:35:15: Reject sent for message 2264: Unsupported Message Type
20250908-11:35:15: Reject sent for message 2265: Unsupported Message Type
20250908-11:35:15: Reject sent for message 2266: Unsupported Message Type
20250908-11:35:15: Reject sent for message 2267: Unsupported Message Type
20250908-11:35:15: Reject sent for message 2268: Unsupported Message Type
20250908-11:35:15: Reject sent for message 2269: Unsupported Message Type
20250908-11:35:15: Reject sent for message 2270: Unsupported Message Type
20250908-11:35:15: Reject sent for message 2271: Unsupported Message Type
20250908-11:35:15: Reject sent for message 2272: Unsupported Message Type
20250908-11:35:15: Reject sent for message 2273: Unsupported Message Type
20250908-11:35:15: Reject sent for message 2274: Unsupported Message Type
20250908-11:35:15: Reject sent for message 2275: Unsupported Message Type
20250908-11:35:15: Reject sent for message 2276: Unsupported Message Type
20250908-11:35:15: Reject sent for message 2277: Unsupported Message Type
20250908-11:35:15: Reject sent for message 2278: Unsupported Message Type
20250908-11:35:15: Reject sent for message 2279: Unsupported Message Type
20250908-11:35:15: Reject sent for message 2280: Unsupported Message Type
20250908-11:35:15: Reject sent for message 2281: Unsupported Message Type
20250908-11:35:15: Reject sent for message 2282: Unsupported Message Type
20250908-11:35:15: Reject sent for message 2283: Unsupported Message Type
20250908-11:35:15: Reject sent for message 2284: Unsupported Message Type
20250908-11:35:15: Reject sent for message 2285: Unsupported Message Type
20250908-11:35:15: Reject sent for message 2286: Unsupported Message Type
20250908-11:35:15: Reject sent for message 2287: Unsupported Message Type
20250908-11:35:15: Reject sent for message 2288: Unsupported Message Type
20250908-11:35:15: Reject sent for message 2289: Unsupported Message Type
20250908-11:35:15: Reject sent for message 2290: Unsupported Message Type
20250908-11:35:15: Reject sent for message 2291: Unsupported Message Type
20250908-11:35:15: Reject sent for message 2292: Unsupported Message Type
20250908-11:35:15: Reject sent for message 2293: Unsupported Message Type
20250908-11:35:15: Reject sent for message 2294: Unsupported Message Type
20250908-11:35:15: Reject sent for message 2295: Unsupported Message Type
20250908-11:35:15: Reject sent for message 2296: Unsupported Message Type
20250908-11:35:15: Reject sent for message 2297: Unsupported Message Type
20250908-11:35:15: Reject sent for message 2298: Unsupported Message Type
20250908-11:35:15: Reject sent for message 2299: Unsupported Message Type
20250908-11:35:15: Reject sent for message 2300: Unsupported Message Type
20250908-11:35:15: Reject sent for message 2301: Unsupported Message Type
20250908-11:35:15: Reject sent for message 2302: Unsupported Message Type
20250908-11:35:15: Reject sent for message 2303: Unsupported Message Type
20250908-11:35:15: Reject sent for message 2304: Unsupported Message Type
20250908-11:35:15: Reject sent for message 2305: Unsupported Message Type
20250908-11:35:15: Reject sent for message 2306: Unsupported Message Type
20250908-11:35:15: Reject sent for message 2307: Unsupported Message Type
20250908-11:35:15: Reject sent for message 2308: Unsupported Message Type
20250908-11:35:15: Reject sent for message 2309: Unsupported Message Type
20250908-11:35:15: Reject sent for message 2310: Unsupported Message Type
20250908-11:35:15: Reject sent for message 2311: Unsupported Message Type
20250908-11:35:15: Reject sent for message 2312: Unsupported Message Type
20250908-11:35:15: Reject sent for message 2313: Unsupported Message Type
20250908-11:35:15: Reject sent for message 2314: Unsupported Message Type
20250908-11:35:15: Reject sent for message 2315: Unsupported Message Type
20250908-11:35:15: Reject sent for message 2316: Unsupported Message Type
20250908-11:35:15: Reject sent for message 2317: Unsupported Message Type
20250908-11:35:15: Reject sent for message 2318: Unsupported Message Type
20250908-11:35:15: Reject sent for message 2319: Unsupported Message Type
20250908-11:35:15: Reject sent for message 2320: Unsupported Message Type
20250908-11:35:15: Reject sent for message 2321: Unsupported Message Type
20250908-11:35:15: Reject sent for message 2322: Unsupported Message Type
20250908-11:35:15: Reject sent for message 2323: Unsupported Message Type
20250908-11:35:15: Reject sent for message 2324: Unsupported Message Type
20250908-11:35:15: Reject sent for message 2325: Unsupported Message Type
20250908-11:35:15: Reject sent for message 2326: Unsupported Message Type
20250908-11:35:15: Reject sent for message 2327: Unsupported Message Type
20250908-11:35:15: Reject sent for message 2328: Unsupported Message Type
20250908-11:35:15: Reject sent for message 2329: Unsupported Message Type
20250908-11:35:15: Reject sent for message 2330: Unsupported Message Type
20250908-11:35:15: Reject sent for message 2331: Unsupported Message Type
20250908-11:35:15: Reject sent for message 2332: Unsupported Message Type
20250908-11:35:15: Reject sent for message 2333: Unsupported Message Type
20250908-11:35:15: Reject sent for message 2334: Unsupported Message Type
20250908-11:35:15: Reject sent for message 2335: Unsupported Message Type
20250908-11:35:15: Reject sent for message 2336: Unsupported Message Type
20250908-11:35:15: Reject sent for message 2337: Unsupported Message Type
20250908-11:35:15: Reject sent for message 2338: Unsupported Message Type
20250908-11:35:15: Reject sent for message 2339: Unsupported Message Type
20250908-11:35:15: Reject sent for message 2340: Unsupported Message Type
20250908-11:35:15: Reject sent for message 2341: Unsupported Message Type
20250908-11:35:15: Reject sent for message 2342: Unsupported Message Type
20250908-11:35:15: Reject sent for message 2343: Unsupported Message Type
20250908-11:35:15: Reject sent for message 2344: Unsupported Message Type
20250908-11:35:15: Reject sent for message 2345: Unsupported Message Type
20250908-11:35:15: Reject sent for message 2346: Unsupported Message Type
20250908-11:35:15: Reject sent for message 2347: Unsupported Message Type
20250908-11:35:15: Reject sent for message 2348: Unsupported Message Type
20250908-11:35:15: Reject sent for message 2349: Unsupported Message Type
20250908-11:35:15: Reject sent for message 2350: Unsupported Message Type
20250908-11:35:15: Reject sent for message 2351: Unsupported Message Type
20250908-11:35:15: Reject sent for message 2352: Unsupported Message Type
20250908-11:35:15: Reject sent for message 2353: Unsupported Message Type
20250908-11:35:15: Reject sent for message 2354: Unsupported Message Type
20250908-11:35:15: Reject sent for message 2355: Unsupported Message Type
20250908-11:35:15: Reject sent for message 2356: Unsupported Message Type
20250908-11:35:15: Reject sent for message 2357: Unsupported Message Type
20250908-11:35:15: Reject sent for message 2358: Unsupported Message Type
20250908-11:35:15: Reject sent for message 2359: Unsupported Message Type
20250908-11:35:15: Reject sent for message 2360: Unsupported Message Type
20250908-11:35:15: Reject sent for message 2361: Unsupported Message Type
20250908-11:35:15: Reject sent for message 2362: Unsupported Message Type
20250908-11:35:15: Reject sent for message 2363: Unsupported Message Type
20250908-11:35:15: Reject sent for message 2364: Unsupported Message Type
20250908-11:35:15: Reject sent for message 2365: Unsupported Message Type
20250908-11:35:15: Reject sent for message 2366: Unsupported Message Type
20250908-11:35:15: Reject sent for message 2367: Unsupported Message Type
20250908-11:35:15: Reject sent for message 2368: Unsupported Message Type
20250908-11:35:15: Reject sent for message 2369: Unsupported Message Type
20250908-11:35:15: Reject sent for message 2370: Unsupported Message Type
20250908-11:35:15: Reject sent for message 2371: Unsupported Message Type
20250908-11:35:15: Reject sent for message 2372: Unsupported Message Type
20250908-11:35:15: Reject sent for message 2373: Unsupported Message Type
20250908-11:35:15: Reject sent for message 2374: Unsupported Message Type
20250908-11:35:15: Reject sent for message 2375: Unsupported Message Type
20250908-11:35:15: Reject sent for message 2376: Unsupported Message Type
20250908-11:35:15: Reject sent for message 2377: Unsupported Message Type
20250908-11:35:15: Reject sent for message 2378: Unsupported Message Type
20250908-11:35:15: Reject sent for message 2379: Unsupported Message Type
20250908-11:35:15: Reject sent for message 2380: Unsupported Message Type
20250908-11:35:15: Reject sent for message 2381: Unsupported Message Type
20250908-11:35:15: Reject sent for message 2382: Unsupported Message Type
20250908-11:35:15: Reject sent for message 2383: Unsupported Message Type
20250908-11:35:15: Reject sent for message 2384: Unsupported Message Type
20250908-11:35:15: Reject sent for message 2385: Unsupported Message Type
20250908-11:35:15: Reject sent for message 2386: Unsupported Message Type
20250908-11:35:16: Reject sent for message 2387: Unsupported Message Type
20250908-11:35:16: Reject sent for message 2388: Unsupported Message Type
20250908-11:35:16: Reject sent for message 2389: Unsupported Message Type
20250908-11:35:16: Reject sent for message 2390: Unsupported Message Type
20250908-11:35:16: Reject sent for message 2391: Unsupported Message Type
20250908-11:35:16: Reject sent for message 2392: Unsupported Message Type
20250908-11:35:16: Reject sent for message 2393: Unsupported Message Type
20250908-11:35:16: Reject sent for message 2394: Unsupported Message Type
20250908-11:35:16: Reject sent for message 2395: Unsupported Message Type
20250908-11:35:16: Reject sent for message 2396: Unsupported Message Type
20250908-11:35:16: Reject sent for message 2397: Unsupported Message Type
20250908-11:35:16: Reject sent for message 2398: Unsupported Message Type
20250908-11:35:16: Reject sent for message 2399: Unsupported Message Type
20250908-11:35:16: Reject sent for message 2400: Unsupported Message Type
20250908-11:35:16: Reject sent for message 2401: Unsupported Message Type
20250908-11:35:16: Reject sent for message 2402: Unsupported Message Type
20250908-11:35:16: Reject sent for message 2403: Unsupported Message Type
20250908-11:35:16: Reject sent for message 2404: Unsupported Message Type
20250908-11:35:16: Reject sent for message 2405: Unsupported Message Type
20250908-11:35:16: Reject sent for message 2406: Unsupported Message Type
20250908-11:35:16: Reject sent for message 2407: Unsupported Message Type
20250908-11:35:16: Reject sent for message 2408: Unsupported Message Type
20250908-11:35:16: Reject sent for message 2409: Unsupported Message Type
20250908-11:35:16: Reject sent for message 2410: Unsupported Message Type
20250908-11:35:16: Reject sent for message 2411: Unsupported Message Type
20250908-11:35:16: Reject sent for message 2412: Unsupported Message Type
20250908-11:35:16: Reject sent for message 2413: Unsupported Message Type
20250908-11:35:16: Reject sent for message 2414: Unsupported Message Type
20250908-11:35:16: Reject sent for message 2415: Unsupported Message Type
20250908-11:35:16: Reject sent for message 2416: Unsupported Message Type
20250908-11:35:16: Reject sent for message 2417: Unsupported Message Type
20250908-11:35:16: Reject sent for message 2418: Unsupported Message Type
20250908-11:35:16: Reject sent for message 2419: Unsupported Message Type
20250908-11:35:16: Reject sent for message 2420: Unsupported Message Type
20250908-11:35:16: Reject sent for message 2421: Unsupported Message Type
20250908-11:35:16: Reject sent for message 2422: Unsupported Message Type
20250908-11:35:16: Reject sent for message 2423: Unsupported Message Type
20250908-11:35:16: Reject sent for message 2424: Unsupported Message Type
20250908-11:35:16: Reject sent for message 2425: Unsupported Message Type
20250908-11:35:16: Reject sent for message 2426: Unsupported Message Type
20250908-11:35:16: Reject sent for message 2427: Unsupported Message Type
20250908-11:35:16: Reject sent for message 2428: Unsupported Message Type
20250908-11:35:16: Reject sent for message 2429: Unsupported Message Type
20250908-11:35:16: Reject sent for message 2430: Unsupported Message Type
20250908-11:35:16: Reject sent for message 2431: Unsupported Message Type
20250908-11:35:16: Reject sent for message 2432: Unsupported Message Type
20250908-11:35:16: Reject sent for message 2433: Unsupported Message Type
20250908-11:35:16: Reject sent for message 2434: Unsupported Message Type
20250908-11:35:16: Reject sent for message 2435: Unsupported Message Type
20250908-11:35:16: Reject sent for message 2436: Unsupported Message Type
20250908-11:35:16: Reject sent for message 2437: Unsupported Message Type
20250908-11:35:16: Reject sent for message 2438: Unsupported Message Type
20250908-11:35:16: Reject sent for message 2439: Unsupported Message Type
20250908-11:35:16: Reject sent for message 2440: Unsupported Message Type
20250908-11:35:16: Reject sent for message 2441: Unsupported Message Type
20250908-11:35:16: Reject sent for message 2442: Unsupported Message Type
20250908-11:35:16: Reject sent for message 2443: Unsupported Message Type
20250908-11:35:16: Reject sent for message 2444: Unsupported Message Type
20250908-11:35:16: Reject sent for message 2445: Unsupported Message Type
20250908-11:35:16: Reject sent for message 2446: Unsupported Message Type
20250908-11:35:16: Reject sent for message 2447: Unsupported Message Type
20250908-11:35:16: Reject sent for message 2448: Unsupported Message Type
20250908-11:35:16: Reject sent for message 2449: Unsupported Message Type
20250908-11:35:16: Reject sent for message 2450: Unsupported Message Type
20250908-11:35:16: Reject sent for message 2451: Unsupported Message Type
20250908-11:35:16: Reject sent for message 2452: Unsupported Message Type
20250908-11:35:16: Reject sent for message 2453: Unsupported Message Type
20250908-11:35:16: Reject sent for message 2454: Unsupported Message Type
20250908-11:35:16: Reject sent for message 2455: Unsupported Message Type
20250908-11:35:16: Reject sent for message 2456: Unsupported Message Type
20250908-11:35:16: Reject sent for message 2457: Unsupported Message Type
20250908-11:35:16: Reject sent for message 2458: Unsupported Message Type
20250908-11:35:16: Reject sent for message 2459: Unsupported Message Type
20250908-11:35:16: Reject sent for message 2460: Unsupported Message Type
20250908-11:35:16: Reject sent for message 2461: Unsupported Message Type
20250908-11:35:16: Reject sent for message 2462: Unsupported Message Type
20250908-11:35:16: Reject sent for message 2463: Unsupported Message Type
20250908-11:35:16: Reject sent for message 2464: Unsupported Message Type
20250908-11:35:16: Reject sent for message 2465: Unsupported Message Type
20250908-11:35:16: Reject sent for message 2466: Unsupported Message Type
20250908-11:35:16: Reject sent for message 2467: Unsupported Message Type
20250908-11:35:16: Reject sent for message 2468: Unsupported Message Type
20250908-11:35:16: Reject sent for message 2469: Unsupported Message Type
20250908-11:35:16: Reject sent for message 2470: Unsupported Message Type
20250908-11:35:16: Reject sent for message 2471: Unsupported Message Type
20250908-11:35:16: Reject sent for message 2472: Unsupported Message Type
20250908-11:35:16: Reject sent for message 2473: Unsupported Message Type
20250908-11:35:16: Reject sent for message 2474: Unsupported Message Type
20250908-11:35:16: Reject sent for message 2475: Unsupported Message Type
20250908-11:35:16: Reject sent for message 2476: Unsupported Message Type
20250908-11:35:16: Reject sent for message 2477: Unsupported Message Type
20250908-11:35:16: Reject sent for message 2478: Unsupported Message Type
20250908-11:35:16: Reject sent for message 2479: Unsupported Message Type
20250908-11:35:16: Reject sent for message 2480: Unsupported Message Type
20250908-11:35:16: Reject sent for message 2481: Unsupported Message Type
20250908-11:35:16: Reject sent for message 2482: Unsupported Message Type
20250908-11:35:16: Reject sent for message 2483: Unsupported Message Type
20250908-11:35:16: Reject sent for message 2484: Unsupported Message Type
20250908-11:35:16: Reject sent for message 2485: Unsupported Message Type
20250908-11:35:16: Reject sent for message 2486: Unsupported Message Type
20250908-11:35:16: Reject sent for message 2487: Unsupported Message Type
20250908-11:35:16: Reject sent for message 2488: Unsupported Message Type
20250908-11:35:16: Reject sent for message 2489: Unsupported Message Type
20250908-11:35:16: Reject sent for message 2490: Unsupported Message Type
20250908-11:35:16: Reject sent for message 2491: Unsupported Message Type
20250908-11:35:16: Reject sent for message 2492: Unsupported Message Type
20250908-11:35:16: Reject sent for message 2493: Unsupported Message Type
20250908-11:35:16: Reject sent for message 2494: Unsupported Message Type
20250908-11:35:16: Reject sent for message 2495: Unsupported Message Type
20250908-11:35:16: Reject sent for message 2496: Unsupported Message Type
20250908-11:35:16: Reject sent for message 2497: Unsupported Message Type
20250908-11:35:16: Reject sent for message 2498: Unsupported Message Type
20250908-11:35:16: Reject sent for message 2499: Unsupported Message Type
20250908-11:35:16: Reject sent for message 2500: Unsupported Message Type
20250908-11:35:16: Reject sent for message 2501: Unsupported Message Type
20250908-11:35:16: Reject sent for message 2502: Unsupported Message Type
20250908-11:35:16: Reject sent for message 2503: Unsupported Message Type
20250908-11:35:16: Reject sent for message 2504: Unsupported Message Type
20250908-11:35:16: Reject sent for message 2505: Unsupported Message Type
20250908-11:35:16: Reject sent for message 2506: Unsupported Message Type
20250908-11:35:16: Reject sent for message 2507: Unsupported Message Type
20250908-11:35:16: Reject sent for message 2508: Unsupported Message Type
20250908-11:35:16: Reject sent for message 2509: Unsupported Message Type
20250908-11:35:16: Reject sent for message 2510: Unsupported Message Type
20250908-11:35:16: Reject sent for message 2511: Unsupported Message Type
20250908-11:35:16: Reject sent for message 2512: Unsupported Message Type
20250908-11:35:16: Reject sent for message 2513: Unsupported Message Type
20250908-11:35:16: Reject sent for message 2514: Unsupported Message Type
20250908-11:35:16: Reject sent for message 2515: Unsupported Message Type
20250908-11:35:16: Reject sent for message 2516: Unsupported Message Type
20250908-11:35:16: Reject sent for message 2517: Unsupported Message Type
20250908-11:35:16: Reject sent for message 2518: Unsupported Message Type
20250908-11:35:16: Reject sent for message 2519: Unsupported Message Type
20250908-11:35:16: Reject sent for message 2520: Unsupported Message Type
20250908-11:35:16: Reject sent for message 2521: Unsupported Message Type
20250908-11:35:16: Reject sent for message 2522: Unsupported Message Type
20250908-11:35:16: Reject sent for message 2523: Unsupported Message Type
20250908-11:35:16: Reject sent for message 2524: Unsupported Message Type
20250908-11:35:16: Reject sent for message 2525: Unsupported Message Type
20250908-11:35:16: Reject sent for message 2526: Unsupported Message Type
20250908-11:35:16: Reject sent for message 2527: Unsupported Message Type
20250908-11:35:16: Reject sent for message 2528: Unsupported Message Type
20250908-11:35:16: Reject sent for message 2529: Unsupported Message Type
20250908-11:35:16: Reject sent for message 2530: Unsupported Message Type
20250908-11:35:16: Reject sent for message 2531: Unsupported Message Type
20250908-11:35:16: Reject sent for message 2532: Unsupported Message Type
20250908-11:35:16: Reject sent for message 2533: Unsupported Message Type
20250908-11:35:16: Reject sent for message 2534: Unsupported Message Type
20250908-11:35:16: Reject sent for message 2535: Unsupported Message Type
20250908-11:35:16: Reject sent for message 2536: Unsupported Message Type
20250908-11:35:16: Reject sent for message 2537: Unsupported Message Type
20250908-11:35:16: Reject sent for message 2538: Unsupported Message Type
20250908-11:35:16: Reject sent for message 2539: Unsupported Message Type
20250908-11:35:16: Reject sent for message 2540: Unsupported Message Type
20250908-11:35:16: Reject sent for message 2541: Unsupported Message Type
20250908-11:35:16: Reject sent for message 2542: Unsupported Message Type
20250908-11:35:16: Reject sent for message 2543: Unsupported Message Type
20250908-11:35:16: Reject sent for message 2544: Unsupported Message Type
20250908-11:35:16: Reject sent for message 2545: Unsupported Message Type
20250908-11:35:16: Reject sent for message 2546: Unsupported Message Type
20250908-11:35:16: Reject sent for message 2547: Unsupported Message Type
20250908-11:35:16: Reject sent for message 2548: Unsupported Message Type
20250908-11:35:16: Reject sent for message 2549: Unsupported Message Type
20250908-11:35:16: Reject sent for message 2550: Unsupported Message Type
20250908-11:35:16: Reject sent for message 2551: Unsupported Message Type
20250908-11:35:16: Reject sent for message 2552: Unsupported Message Type
20250908-11:35:16: Reject sent for message 2553: Unsupported Message Type
20250908-11:35:16: Reject sent for message 2554: Unsupported Message Type
20250908-11:35:16: Reject sent for message 2555: Unsupported Message Type
20250908-11:35:16: Reject sent for message 2556: Unsupported Message Type
20250908-11:35:16: Reject sent for message 2557: Unsupported Message Type
20250908-11:35:16: Reject sent for message 2558: Unsupported Message Type
20250908-11:35:16: Reject sent for message 2559: Unsupported Message Type
20250908-11:35:16: Reject sent for message 2560: Unsupported Message Type
20250908-11:35:16: Reject sent for message 2561: Unsupported Message Type
20250908-11:35:16: Reject sent for message 2562: Unsupported Message Type
20250908-11:35:16: Reject sent for message 2563: Unsupported Message Type
20250908-11:35:16: Reject sent for message 2564: Unsupported Message Type
20250908-11:35:16: Reject sent for message 2565: Unsupported Message Type
20250908-11:35:16: Reject sent for message 2566: Unsupported Message Type
20250908-11:35:16: Reject sent for message 2567: Unsupported Message Type
20250908-11:35:16: Reject sent for message 2568: Unsupported Message Type
20250908-11:35:16: Reject sent for message 2569: Unsupported Message Type
20250908-11:35:16: Reject sent for message 2570: Unsupported Message Type
20250908-11:35:16: Reject sent for message 2571: Unsupported Message Type
20250908-11:35:16: Reject sent for message 2572: Unsupported Message Type
20250908-11:35:16: Reject sent for message 2573: Unsupported Message Type
20250908-11:35:16: Reject sent for message 2574: Unsupported Message Type
20250908-11:35:16: Reject sent for message 2575: Unsupported Message Type
20250908-11:35:16: Reject sent for message 2576: Unsupported Message Type
20250908-11:35:17: Reject sent for message 2577: Unsupported Message Type
20250908-11:35:17: Reject sent for message 2578: Unsupported Message Type
20250908-11:35:17: Reject sent for message 2579: Unsupported Message Type
20250908-11:35:17: Reject sent for message 2580: Unsupported Message Type
20250908-11:35:17: Reject sent for message 2581: Unsupported Message Type
20250908-11:35:17: Reject sent for message 2582: Unsupported Message Type
20250908-11:35:17: Reject sent for message 2583: Unsupported Message Type
20250908-11:35:17: Reject sent for message 2584: Unsupported Message Type
20250908-11:35:17: Reject sent for message 2585: Unsupported Message Type
20250908-11:35:17: Reject sent for message 2586: Unsupported Message Type
20250908-11:35:17: Reject sent for message 2587: Unsupported Message Type
20250908-11:35:17: Reject sent for message 2588: Unsupported Message Type
20250908-11:35:17: Reject sent for message 2589: Unsupported Message Type
20250908-11:35:17: Reject sent for message 2590: Unsupported Message Type
20250908-11:35:17: Reject sent for message 2591: Unsupported Message Type
20250908-11:35:17: Reject sent for message 2592: Unsupported Message Type
20250908-11:35:17: Reject sent for message 2593: Unsupported Message Type
20250908-11:35:17: Reject sent for message 2594: Unsupported Message Type
20250908-11:35:17: Reject sent for message 2595: Unsupported Message Type
20250908-11:35:17: Reject sent for message 2596: Unsupported Message Type
20250908-11:35:17: Reject sent for message 2597: Unsupported Message Type
20250908-11:35:17: Reject sent for message 2598: Unsupported Message Type
20250908-11:35:17: Reject sent for message 2599: Unsupported Message Type
20250908-11:35:17: Reject sent for message 2600: Unsupported Message Type
20250908-11:35:17: Reject sent for message 2601: Unsupported Message Type
20250908-11:35:17: Reject sent for message 2602: Unsupported Message Type
20250908-11:35:17: Reject sent for message 2603: Unsupported Message Type
20250908-11:35:17: Reject sent for message 2604: Unsupported Message Type
20250908-11:35:17: Reject sent for message 2605: Unsupported Message Type
20250908-11:35:17: Reject sent for message 2606: Unsupported Message Type
20250908-11:35:17: Reject sent for message 2607: Unsupported Message Type
20250908-11:35:17: Reject sent for message 2608: Unsupported Message Type
20250908-11:35:17: Reject sent for message 2609: Unsupported Message Type
20250908-11:35:17: Reject sent for message 2610: Unsupported Message Type
20250908-11:35:17: Reject sent for message 2611: Unsupported Message Type
20250908-11:35:17: Reject sent for message 2612: Unsupported Message Type
20250908-11:35:17: Reject sent for message 2613: Unsupported Message Type
20250908-11:35:17: Reject sent for message 2614: Unsupported Message Type
20250908-11:35:17: Reject sent for message 2615: Unsupported Message Type
20250908-11:35:17: Reject sent for message 2616: Unsupported Message Type
20250908-11:35:17: Reject sent for message 2617: Unsupported Message Type
20250908-11:35:17: Reject sent for message 2618: Unsupported Message Type
20250908-11:35:17: Reject sent for message 2619: Unsupported Message Type
20250908-11:35:17: Reject sent for message 2620: Unsupported Message Type
20250908-11:35:17: Reject sent for message 2621: Unsupported Message Type
20250908-11:35:17: Reject sent for message 2622: Unsupported Message Type
20250908-11:35:17: Reject sent for message 2623: Unsupported Message Type
20250908-11:35:17: Reject sent for message 2624: Unsupported Message Type
20250908-11:35:17: Reject sent for message 2625: Unsupported Message Type
20250908-11:35:17: Reject sent for message 2626: Unsupported Message Type
20250908-11:35:17: Reject sent for message 2627: Unsupported Message Type
20250908-11:35:17: Reject sent for message 2628: Unsupported Message Type
20250908-11:35:17: Reject sent for message 2629: Unsupported Message Type
20250908-11:35:17: Reject sent for message 2630: Unsupported Message Type
20250908-11:35:17: Reject sent for message 2631: Unsupported Message Type
20250908-11:35:17: Reject sent for message 2632: Unsupported Message Type
20250908-11:35:17: Reject sent for message 2633: Unsupported Message Type
20250908-11:35:17: Reject sent for message 2634: Unsupported Message Type
20250908-11:35:17: Reject sent for message 2635: Unsupported Message Type
20250908-11:35:17: Reject sent for message 2636: Unsupported Message Type
20250908-11:35:17: Reject sent for message 2637: Unsupported Message Type
20250908-11:35:17: Reject sent for message 2638: Unsupported Message Type
20250908-11:35:17: Reject sent for message 2639: Unsupported Message Type
20250908-11:35:17: Reject sent for message 2640: Unsupported Message Type
20250908-11:35:17: Reject sent for message 2641: Unsupported Message Type
20250908-11:35:17: Reject sent for message 2642: Unsupported Message Type
20250908-11:35:17: Reject sent for message 2643: Unsupported Message Type
20250908-11:35:17: Reject sent for message 2644: Unsupported Message Type
20250908-11:35:17: Reject sent for message 2645: Unsupported Message Type
20250908-11:35:17: Reject sent for message 2646: Unsupported Message Type
20250908-11:35:17: Reject sent for message 2647: Unsupported Message Type
20250908-11:35:17: Reject sent for message 2648: Unsupported Message Type
20250908-11:35:17: Reject sent for message 2649: Unsupported Message Type
20250908-11:35:17: Reject sent for message 2650: Unsupported Message Type
20250908-11:35:17: Reject sent for message 2651: Unsupported Message Type
20250908-11:35:17: Reject sent for message 2652: Unsupported Message Type
20250908-11:35:17: Reject sent for message 2653: Unsupported Message Type
20250908-11:35:17: Reject sent for message 2654: Unsupported Message Type
20250908-11:35:17: Reject sent for message 2655: Unsupported Message Type
20250908-11:35:17: Reject sent for message 2656: Unsupported Message Type
20250908-11:35:17: Reject sent for message 2657: Unsupported Message Type
20250908-11:35:17: Reject sent for message 2658: Unsupported Message Type
20250908-11:35:17: Reject sent for message 2659: Unsupported Message Type
20250908-11:35:17: Reject sent for message 2660: Unsupported Message Type
20250908-11:35:17: Reject sent for message 2661: Unsupported Message Type
20250908-11:35:17: Reject sent for message 2662: Unsupported Message Type
20250908-11:35:17: Reject sent for message 2663: Unsupported Message Type
20250908-11:35:17: Reject sent for message 2664: Unsupported Message Type
20250908-11:35:17: Reject sent for message 2665: Unsupported Message Type
20250908-11:35:17: Reject sent for message 2666: Unsupported Message Type
20250908-11:35:17: Reject sent for message 2667: Unsupported Message Type
20250908-11:35:17: Reject sent for message 2668: Unsupported Message Type
20250908-11:35:17: Reject sent for message 2669: Unsupported Message Type
20250908-11:35:17: Reject sent for message 2670: Unsupported Message Type
20250908-11:35:17: Reject sent for message 2671: Unsupported Message Type
20250908-11:35:17: Reject sent for message 2672: Unsupported Message Type
20250908-11:35:17: Reject sent for message 2673: Unsupported Message Type
20250908-11:35:17: Reject sent for message 2674: Unsupported Message Type
20250908-11:35:17: Reject sent for message 2675: Unsupported Message Type
20250908-11:35:17: Reject sent for message 2676: Unsupported Message Type
20250908-11:35:17: Reject sent for message 2677: Unsupported Message Type
20250908-11:35:17: Reject sent for message 2678: Unsupported Message Type
20250908-11:35:17: Reject sent for message 2679: Unsupported Message Type
20250908-11:35:17: Reject sent for message 2680: Unsupported Message Type
20250908-11:35:17: Reject sent for message 2681: Unsupported Message Type
20250908-11:35:17: Reject sent for message 2682: Unsupported Message Type
20250908-11:35:17: Reject sent for message 2683: Unsupported Message Type
20250908-11:35:17: Reject sent for message 2684: Unsupported Message Type
20250908-11:35:17: Reject sent for message 2685: Unsupported Message Type
20250908-11:35:17: Reject sent for message 2686: Unsupported Message Type
20250908-11:35:17: Reject sent for message 2687: Unsupported Message Type
20250908-11:35:17: Reject sent for message 2688: Unsupported Message Type
20250908-11:35:17: Reject sent for message 2689: Unsupported Message Type
20250908-11:35:17: Reject sent for message 2690: Unsupported Message Type
20250908-11:35:17: Reject sent for message 2691: Unsupported Message Type
20250908-11:35:17: Reject sent for message 2692: Unsupported Message Type
20250908-11:35:17: Reject sent for message 2693: Unsupported Message Type
20250908-11:35:17: Reject sent for message 2694: Unsupported Message Type
20250908-11:35:17: Reject sent for message 2695: Unsupported Message Type
20250908-11:35:17: Reject sent for message 2696: Unsupported Message Type
20250908-11:35:17: Reject sent for message 2697: Unsupported Message Type
20250908-11:35:17: Reject sent for message 2698: Unsupported Message Type
20250908-11:35:17: Reject sent for message 2699: Unsupported Message Type
20250908-11:35:17: Reject sent for message 2700: Unsupported Message Type
20250908-11:35:17: Reject sent for message 2701: Unsupported Message Type
20250908-11:35:17: Reject sent for message 2702: Unsupported Message Type
20250908-11:35:17: Reject sent for message 2703: Unsupported Message Type
20250908-11:35:17: Reject sent for message 2704: Unsupported Message Type
20250908-11:35:17: Reject sent for message 2705: Unsupported Message Type
20250908-11:35:17: Reject sent for message 2706: Unsupported Message Type
20250908-11:35:17: Reject sent for message 2707: Unsupported Message Type
20250908-11:35:17: Reject sent for message 2708: Unsupported Message Type
20250908-11:35:17: Reject sent for message 2709: Unsupported Message Type
20250908-11:35:17: Reject sent for message 2710: Unsupported Message Type
20250908-11:35:17: Reject sent for message 2711: Unsupported Message Type
20250908-11:35:17: Reject sent for message 2712: Unsupported Message Type
20250908-11:35:17: Reject sent for message 2713: Unsupported Message Type
20250908-11:35:17: Reject sent for message 2714: Unsupported Message Type
20250908-11:35:17: Reject sent for message 2715: Unsupported Message Type
20250908-11:35:17: Reject sent for message 2716: Unsupported Message Type
20250908-11:35:17: Reject sent for message 2717: Unsupported Message Type
20250908-11:35:17: Reject sent for message 2718: Unsupported Message Type
20250908-11:35:17: Reject sent for message 2719: Unsupported Message Type
20250908-11:35:17: Reject sent for message 2720: Unsupported Message Type
20250908-11:35:17: Reject sent for message 2721: Unsupported Message Type
20250908-11:35:17: Reject sent for message 2722: Unsupported Message Type
20250908-11:35:17: Reject sent for message 2723: Unsupported Message Type
20250908-11:35:17: Reject sent for message 2724: Unsupported Message Type
20250908-11:35:17: Reject sent for message 2725: Unsupported Message Type
20250908-11:35:17: Reject sent for message 2726: Unsupported Message Type
20250908-11:35:17: Reject sent for message 2727: Unsupported Message Type
20250908-11:35:17: Reject sent for message 2728: Unsupported Message Type
20250908-11:35:17: Reject sent for message 2729: Unsupported Message Type
20250908-11:35:17: Reject sent for message 2730: Unsupported Message Type
20250908-11:35:17: Reject sent for message 2731: Unsupported Message Type
20250908-11:35:17: Reject sent for message 2732: Unsupported Message Type
20250908-11:35:17: Reject sent for message 2733: Unsupported Message Type
20250908-11:35:17: Reject sent for message 2734: Unsupported Message Type
20250908-11:35:17: Reject sent for message 2735: Unsupported Message Type
20250908-11:35:17: Reject sent for message 2736: Unsupported Message Type
20250908-11:35:17: Reject sent for message 2737: Unsupported Message Type
20250908-11:35:17: Reject sent for message 2738: Unsupported Message Type
20250908-11:35:17: Reject sent for message 2739: Unsupported Message Type
20250908-11:35:17: Reject sent for message 2740: Unsupported Message Type
20250908-11:35:17: Reject sent for message 2741: Unsupported Message Type
20250908-11:35:17: Reject sent for message 2742: Unsupported Message Type
20250908-11:35:17: Reject sent for message 2743: Unsupported Message Type
20250908-11:35:17: Reject sent for message 2744: Unsupported Message Type
20250908-11:35:17: Reject sent for message 2745: Unsupported Message Type
20250908-11:35:17: Reject sent for message 2746: Unsupported Message Type
20250908-11:35:17: Reject sent for message 2747: Unsupported Message Type
20250908-11:35:17: Reject sent for message 2748: Unsupported Message Type
20250908-11:35:17: Reject sent for message 2749: Unsupported Message Type
20250908-11:35:17: Reject sent for message 2750: Unsupported Message Type
20250908-11:35:17: Reject sent for message 2751: Unsupported Message Type
20250908-11:35:17: Reject sent for message 2752: Unsupported Message Type
20250908-11:35:17: Reject sent for message 2753: Unsupported Message Type
20250908-11:35:17: Reject sent for message 2754: Unsupported Message Type
20250908-11:35:17: Reject sent for message 2755: Unsupported Message Type
20250908-11:35:17: Reject sent for message 2756: Unsupported Message Type
20250908-11:35:17: Reject sent for message 2757: Unsupported Message Type
20250908-11:35:17: Reject sent for message 2758: Unsupported Message Type
20250908-11:35:17: Reject sent for message 2759: Unsupported Message Type
20250908-11:35:17: Reject sent for message 2760: Unsupported Message Type
20250908-11:35:17: Reject sent for message 2761: Unsupported Message Type
20250908-11:35:17: Reject sent for message 2762: Unsupported Message Type
20250908-11:35:17: Reject sent for message 2763: Unsupported Message Type
20250908-11:35:17: Reject sent for message 2764: Unsupported Message Type
20250908-11:35:17: Reject sent for message 2765: Unsupported Message Type
20250908-11:35:17: Reject sent for message 2766: Unsupported Message Type
20250908-11:35:17: Reject sent for message 2767: Unsupported Message Type
20250908-11:35:17: Reject sent for message 2768: Unsupported Message Type
20250908-11:35:17: Reject sent for message 2769: Unsupported Message Type
20250908-11:35:18: Reject sent for message 2770: Unsupported Message Type
20250908-11:35:18: Reject sent for message 2771: Unsupported Message Type
20250908-11:35:18: Reject sent for message 2772: Unsupported Message Type
20250908-11:35:18: Reject sent for message 2773: Unsupported Message Type
20250908-11:35:18: Reject sent for message 2774: Unsupported Message Type
20250908-11:35:18: Reject sent for message 2775: Unsupported Message Type
20250908-11:35:18: Reject sent for message 2776: Unsupported Message Type
20250908-11:35:18: Reject sent for message 2777: Unsupported Message Type
20250908-11:35:18: Reject sent for message 2778: Unsupported Message Type
20250908-11:35:18: Reject sent for message 2779: Unsupported Message Type
20250908-11:35:18: Reject sent for message 2780: Unsupported Message Type
20250908-11:35:18: Reject sent for message 2781: Unsupported Message Type
20250908-11:35:18: Reject sent for message 2782: Unsupported Message Type
20250908-11:35:18: Reject sent for message 2783: Unsupported Message Type
20250908-11:35:18: Reject sent for message 2784: Unsupported Message Type
20250908-11:35:18: Reject sent for message 2785: Unsupported Message Type
20250908-11:35:18: Reject sent for message 2786: Unsupported Message Type
20250908-11:35:18: Reject sent for message 2787: Unsupported Message Type
20250908-11:35:18: Reject sent for message 2788: Unsupported Message Type
20250908-11:35:18: Reject sent for message 2789: Unsupported Message Type
20250908-11:35:18: Reject sent for message 2790: Unsupported Message Type
20250908-11:35:18: Reject sent for message 2791: Unsupported Message Type
20250908-11:35:18: Reject sent for message 2792: Unsupported Message Type
20250908-11:35:18: Reject sent for message 2793: Unsupported Message Type
20250908-11:35:18: Reject sent for message 2794: Unsupported Message Type
20250908-11:35:18: Reject sent for message 2795: Unsupported Message Type
20250908-11:35:18: Reject sent for message 2796: Unsupported Message Type
20250908-11:35:18: Reject sent for message 2797: Unsupported Message Type
20250908-11:35:18: Reject sent for message 2798: Unsupported Message Type
20250908-11:35:18: Reject sent for message 2799: Unsupported Message Type
20250908-11:35:18: Reject sent for message 2800: Unsupported Message Type
20250908-11:35:18: Reject sent for message 2801: Unsupported Message Type
20250908-11:35:18: Reject sent for message 2802: Unsupported Message Type
20250908-11:35:18: Reject sent for message 2803: Unsupported Message Type
20250908-11:35:18: Reject sent for message 2804: Unsupported Message Type
20250908-11:35:18: Reject sent for message 2805: Unsupported Message Type
20250908-11:35:18: Reject sent for message 2806: Unsupported Message Type
20250908-11:35:18: Reject sent for message 2807: Unsupported Message Type
20250908-11:35:18: Reject sent for message 2808: Unsupported Message Type
20250908-11:35:18: Reject sent for message 2809: Unsupported Message Type
20250908-11:35:18: Reject sent for message 2810: Unsupported Message Type
20250908-11:35:18: Reject sent for message 2811: Unsupported Message Type
20250908-11:35:18: Reject sent for message 2812: Unsupported Message Type
20250908-11:35:18: Reject sent for message 2813: Unsupported Message Type
20250908-11:35:18: Reject sent for message 2814: Unsupported Message Type
20250908-11:35:18: Reject sent for message 2815: Unsupported Message Type
20250908-11:35:18: Reject sent for message 2816: Unsupported Message Type
20250908-11:35:18: Reject sent for message 2817: Unsupported Message Type
20250908-11:35:18: Reject sent for message 2818: Unsupported Message Type
20250908-11:35:18: Reject sent for message 2819: Unsupported Message Type
20250908-11:35:18: Reject sent for message 2820: Unsupported Message Type
20250908-11:35:18: Reject sent for message 2821: Unsupported Message Type
20250908-11:35:18: Reject sent for message 2822: Unsupported Message Type
20250908-11:35:18: Reject sent for message 2823: Unsupported Message Type
20250908-11:35:18: Reject sent for message 2824: Unsupported Message Type
20250908-11:35:18: Reject sent for message 2825: Unsupported Message Type
20250908-11:35:18: Reject sent for message 2826: Unsupported Message Type
20250908-11:35:18: Reject sent for message 2827: Unsupported Message Type
20250908-11:35:18: Reject sent for message 2828: Unsupported Message Type
20250908-11:35:18: Reject sent for message 2829: Unsupported Message Type
20250908-11:35:18: Reject sent for message 2830: Unsupported Message Type
20250908-11:35:18: Reject sent for message 2831: Unsupported Message Type
20250908-11:35:18: Reject sent for message 2832: Unsupported Message Type
20250908-11:35:18: Reject sent for message 2833: Unsupported Message Type
20250908-11:35:18: Reject sent for message 2834: Unsupported Message Type
20250908-11:35:18: Reject sent for message 2835: Unsupported Message Type
20250908-11:35:18: Reject sent for message 2836: Unsupported Message Type
20250908-11:35:18: Reject sent for message 2837: Unsupported Message Type
20250908-11:35:18: Reject sent for message 2838: Unsupported Message Type
20250908-11:35:18: Reject sent for message 2839: Unsupported Message Type
20250908-11:35:18: Reject sent for message 2840: Unsupported Message Type
20250908-11:35:18: Reject sent for message 2841: Unsupported Message Type
20250908-11:35:18: Reject sent for message 2842: Unsupported Message Type
20250908-11:35:18: Reject sent for message 2843: Unsupported Message Type
20250908-11:35:18: Reject sent for message 2844: Unsupported Message Type
20250908-11:35:18: Reject sent for message 2845: Unsupported Message Type
20250908-11:35:18: Reject sent for message 2846: Unsupported Message Type
20250908-11:35:18: Reject sent for message 2847: Unsupported Message Type
20250908-11:35:18: Reject sent for message 2848: Unsupported Message Type
20250908-11:35:18: Reject sent for message 2849: Unsupported Message Type
20250908-11:35:18: Reject sent for message 2850: Unsupported Message Type
20250908-11:35:18: Reject sent for message 2851: Unsupported Message Type
20250908-11:35:18: Reject sent for message 2852: Unsupported Message Type
20250908-11:35:18: Reject sent for message 2853: Unsupported Message Type
20250908-11:35:18: Reject sent for message 2854: Unsupported Message Type
20250908-11:35:18: Reject sent for message 2855: Unsupported Message Type
20250908-11:35:18: Reject sent for message 2856: Unsupported Message Type
20250908-11:35:18: Reject sent for message 2857: Unsupported Message Type
20250908-11:35:18: Reject sent for message 2858: Unsupported Message Type
20250908-11:35:18: Reject sent for message 2859: Unsupported Message Type
20250908-11:35:18: Reject sent for message 2860: Unsupported Message Type
20250908-11:35:18: Reject sent for message 2861: Unsupported Message Type
20250908-11:35:18: Reject sent for message 2862: Unsupported Message Type
20250908-11:35:18: Reject sent for message 2863: Unsupported Message Type
20250908-11:35:18: Reject sent for message 2864: Unsupported Message Type
20250908-11:35:18: Reject sent for message 2865: Unsupported Message Type
20250908-11:35:18: Reject sent for message 2866: Unsupported Message Type
20250908-11:35:18: Reject sent for message 2867: Unsupported Message Type
20250908-11:35:18: Reject sent for message 2868: Unsupported Message Type
20250908-11:35:18: Reject sent for message 2869: Unsupported Message Type
20250908-11:35:18: Reject sent for message 2870: Unsupported Message Type
20250908-11:35:18: Reject sent for message 2871: Unsupported Message Type
20250908-11:35:18: Reject sent for message 2872: Unsupported Message Type
20250908-11:35:18: Reject sent for message 2873: Unsupported Message Type
20250908-11:35:18: Reject sent for message 2874: Unsupported Message Type
20250908-11:35:18: Reject sent for message 2875: Unsupported Message Type
20250908-11:35:18: Reject sent for message 2876: Unsupported Message Type
20250908-11:35:18: Reject sent for message 2877: Unsupported Message Type
20250908-11:35:18: Reject sent for message 2878: Unsupported Message Type
20250908-11:35:18: Reject sent for message 2879: Unsupported Message Type
20250908-11:35:18: Reject sent for message 2880: Unsupported Message Type
20250908-11:35:18: Reject sent for message 2881: Unsupported Message Type
20250908-11:35:18: Reject sent for message 2882: Unsupported Message Type
20250908-11:35:18: Reject sent for message 2883: Unsupported Message Type
20250908-11:35:18: Reject sent for message 2884: Unsupported Message Type
20250908-11:35:18: Reject sent for message 2885: Unsupported Message Type
20250908-11:35:18: Reject sent for message 2886: Unsupported Message Type
20250908-11:35:18: Reject sent for message 2887: Unsupported Message Type
20250908-11:35:18: Reject sent for message 2888: Unsupported Message Type
20250908-11:35:18: Reject sent for message 2889: Unsupported Message Type
20250908-11:35:18: Reject sent for message 2890: Unsupported Message Type
20250908-11:35:18: Reject sent for message 2891: Unsupported Message Type
20250908-11:35:18: Reject sent for message 2892: Unsupported Message Type
20250908-11:35:18: Reject sent for message 2893: Unsupported Message Type
20250908-11:35:18: Reject sent for message 2894: Unsupported Message Type
20250908-11:35:18: Reject sent for message 2895: Unsupported Message Type
20250908-11:35:18: Reject sent for message 2896: Unsupported Message Type
20250908-11:35:18: Reject sent for message 2897: Unsupported Message Type
20250908-11:35:18: Reject sent for message 2898: Unsupported Message Type
20250908-11:35:18: Reject sent for message 2899: Unsupported Message Type
20250908-11:35:18: Reject sent for message 2900: Unsupported Message Type
20250908-11:35:18: Reject sent for message 2901: Unsupported Message Type
20250908-11:35:18: Reject sent for message 2902: Unsupported Message Type
20250908-11:35:18: Reject sent for message 2903: Unsupported Message Type
20250908-11:35:18: Reject sent for message 2904: Unsupported Message Type
20250908-11:35:18: Reject sent for message 2905: Unsupported Message Type
20250908-11:35:18: Reject sent for message 2906: Unsupported Message Type
20250908-11:35:18: Reject sent for message 2907: Unsupported Message Type
20250908-11:35:18: Reject sent for message 2908: Unsupported Message Type
20250908-11:35:18: Reject sent for message 2909: Unsupported Message Type
20250908-11:35:18: Reject sent for message 2910: Unsupported Message Type
20250908-11:35:18: Reject sent for message 2911: Unsupported Message Type
20250908-11:35:18: Reject sent for message 2912: Unsupported Message Type
20250908-11:35:18: Reject sent for message 2913: Unsupported Message Type
20250908-11:35:18: Reject sent for message 2914: Unsupported Message Type
20250908-11:35:18: Reject sent for message 2915: Unsupported Message Type
20250908-11:35:18: Reject sent for message 2916: Unsupported Message Type
20250908-11:35:18: Reject sent for message 2917: Unsupported Message Type
20250908-11:35:18: Reject sent for message 2918: Unsupported Message Type
20250908-11:35:18: Reject sent for message 2919: Unsupported Message Type
20250908-11:35:18: Reject sent for message 2920: Unsupported Message Type
20250908-11:35:18: Reject sent for message 2921: Unsupported Message Type
20250908-11:35:18: Reject sent for message 2922: Unsupported Message Type
20250908-11:35:18: Reject sent for message 2923: Unsupported Message Type
20250908-11:35:18: Reject sent for message 2924: Unsupported Message Type
20250908-11:35:18: Reject sent for message 2925: Unsupported Message Type
20250908-11:35:18: Reject sent for message 2926: Unsupported Message Type
20250908-11:35:18: Reject sent for message 2927: Unsupported Message Type
20250908-11:35:18: Reject sent for message 2928: Unsupported Message Type
20250908-11:35:18: Reject sent for message 2929: Unsupported Message Type
20250908-11:35:18: Reject sent for message 2930: Unsupported Message Type
20250908-11:35:18: Reject sent for message 2931: Unsupported Message Type
20250908-11:35:18: Reject sent for message 2932: Unsupported Message Type
20250908-11:35:18: Reject sent for message 2933: Unsupported Message Type
20250908-11:35:18: Reject sent for message 2934: Unsupported Message Type
20250908-11:35:18: Reject sent for message 2935: Unsupported Message Type
20250908-11:35:18: Reject sent for message 2936: Unsupported Message Type
20250908-11:35:18: Reject sent for message 2937: Unsupported Message Type
20250908-11:35:18: Reject sent for message 2938: Unsupported Message Type
20250908-11:35:18: Reject sent for message 2939: Unsupported Message Type
20250908-11:35:18: Reject sent for message 2940: Unsupported Message Type
20250908-11:35:18: Reject sent for message 2941: Unsupported Message Type
20250908-11:35:18: Reject sent for message 2942: Unsupported Message Type
20250908-11:35:18: Reject sent for message 2943: Unsupported Message Type
20250908-11:35:18: Reject sent for message 2944: Unsupported Message Type
20250908-11:35:18: Reject sent for message 2945: Unsupported Message Type
20250908-11:35:18: Reject sent for message 2946: Unsupported Message Type
20250908-11:35:18: Reject sent for message 2947: Unsupported Message Type
20250908-11:35:18: Reject sent for message 2948: Unsupported Message Type
20250908-11:35:18: Reject sent for message 2949: Unsupported Message Type
20250908-11:35:18: Reject sent for message 2950: Unsupported Message Type
20250908-11:35:19: Reject sent for message 2951: Unsupported Message Type
20250908-11:35:19: Reject sent for message 2952: Unsupported Message Type
20250908-11:35:19: Reject sent for message 2953: Unsupported Message Type
20250908-11:35:19: Reject sent for message 2954: Unsupported Message Type
20250908-11:35:19: Reject sent for message 2955: Unsupported Message Type
20250908-11:35:19: Reject sent for message 2956: Unsupported Message Type
20250908-11:35:19: Reject sent for message 2957: Unsupported Message Type
20250908-11:35:19: Reject sent for message 2958: Unsupported Message Type
20250908-11:35:19: Reject sent for message 2959: Unsupported Message Type
20250908-11:35:19: Reject sent for message 2960: Unsupported Message Type
20250908-11:35:19: Reject sent for message 2961: Unsupported Message Type
20250908-11:35:19: Reject sent for message 2962: Unsupported Message Type
20250908-11:35:19: Reject sent for message 2963: Unsupported Message Type
20250908-11:35:19: Reject sent for message 2964: Unsupported Message Type
20250908-11:35:19: Reject sent for message 2965: Unsupported Message Type
20250908-11:35:19: Reject sent for message 2966: Unsupported Message Type
20250908-11:35:19: Reject sent for message 2967: Unsupported Message Type
20250908-11:35:19: Reject sent for message 2968: Unsupported Message Type
20250908-11:35:19: Reject sent for message 2969: Unsupported Message Type
20250908-11:35:19: Reject sent for message 2970: Unsupported Message Type
20250908-11:35:19: Reject sent for message 2971: Unsupported Message Type
20250908-11:35:19: Reject sent for message 2972: Unsupported Message Type
20250908-11:35:19: Reject sent for message 2973: Unsupported Message Type
20250908-11:35:19: Reject sent for message 2974: Unsupported Message Type
20250908-11:35:19: Reject sent for message 2975: Unsupported Message Type
20250908-11:35:19: Reject sent for message 2976: Unsupported Message Type
20250908-11:35:19: Reject sent for message 2977: Unsupported Message Type
20250908-11:35:19: Reject sent for message 2978: Unsupported Message Type
20250908-11:35:19: Reject sent for message 2979: Unsupported Message Type
20250908-11:35:19: Reject sent for message 2980: Unsupported Message Type
20250908-11:35:19: Reject sent for message 2981: Unsupported Message Type
20250908-11:35:19: Reject sent for message 2982: Unsupported Message Type
20250908-11:35:19: Reject sent for message 2983: Unsupported Message Type
20250908-11:35:19: Reject sent for message 2984: Unsupported Message Type
20250908-11:35:19: Reject sent for message 2985: Unsupported Message Type
20250908-11:35:19: Reject sent for message 2986: Unsupported Message Type
20250908-11:35:19: Reject sent for message 2987: Unsupported Message Type
20250908-11:35:19: Reject sent for message 2988: Unsupported Message Type
20250908-11:35:19: Reject sent for message 2989: Unsupported Message Type
20250908-11:35:19: Reject sent for message 2990: Unsupported Message Type
20250908-11:35:19: Reject sent for message 2991: Unsupported Message Type
20250908-11:35:19: Reject sent for message 2992: Unsupported Message Type
20250908-11:35:19: Reject sent for message 2993: Unsupported Message Type
20250908-11:35:19: Reject sent for message 2994: Unsupported Message Type
20250908-11:35:19: Reject sent for message 2995: Unsupported Message Type
20250908-11:35:19: Reject sent for message 2996: Unsupported Message Type
20250908-11:35:19: Reject sent for message 2997: Unsupported Message Type
20250908-11:35:19: Reject sent for message 2998: Unsupported Message Type
20250908-11:35:19: Reject sent for message 2999: Unsupported Message Type
20250908-11:35:19: Reject sent for message 3000: Unsupported Message Type
20250908-11:35:19: Reject sent for message 3001: Unsupported Message Type
20250908-11:35:19: Reject sent for message 3002: Unsupported Message Type
20250908-11:35:19: Reject sent for message 3003: Unsupported Message Type
20250908-11:35:19: Reject sent for message 3004: Unsupported Message Type
20250908-11:35:19: Reject sent for message 3005: Unsupported Message Type
20250908-11:35:19: Reject sent for message 3006: Unsupported Message Type
20250908-11:35:19: Reject sent for message 3007: Unsupported Message Type
20250908-11:35:19: Reject sent for message 3008: Unsupported Message Type
20250908-11:35:19: Reject sent for message 3009: Unsupported Message Type
20250908-11:35:19: Reject sent for message 3010: Unsupported Message Type
20250908-11:35:19: Reject sent for message 3011: Unsupported Message Type
20250908-11:35:19: Reject sent for message 3012: Unsupported Message Type
20250908-11:35:19: Reject sent for message 3013: Unsupported Message Type
20250908-11:35:19: Reject sent for message 3014: Unsupported Message Type
20250908-11:35:19: Reject sent for message 3015: Unsupported Message Type
20250908-11:35:19: Reject sent for message 3016: Unsupported Message Type
20250908-11:35:19: Reject sent for message 3017: Unsupported Message Type
20250908-11:35:19: Reject sent for message 3018: Unsupported Message Type
20250908-11:35:19: Reject sent for message 3019: Unsupported Message Type
20250908-11:35:19: Reject sent for message 3020: Unsupported Message Type
20250908-11:35:19: Reject sent for message 3021: Unsupported Message Type
20250908-11:35:19: Reject sent for message 3022: Unsupported Message Type
20250908-11:35:19: Reject sent for message 3023: Unsupported Message Type
20250908-11:35:19: Reject sent for message 3024: Unsupported Message Type
20250908-11:35:19: Reject sent for message 3025: Unsupported Message Type
20250908-11:35:19: Reject sent for message 3026: Unsupported Message Type
20250908-11:35:19: Reject sent for message 3027: Unsupported Message Type
20250908-11:35:19: Reject sent for message 3028: Unsupported Message Type
20250908-11:35:19: Reject sent for message 3029: Unsupported Message Type
20250908-11:35:19: Reject sent for message 3030: Unsupported Message Type
20250908-11:35:19: Reject sent for message 3031: Unsupported Message Type
20250908-11:35:19: Reject sent for message 3032: Unsupported Message Type
20250908-11:35:19: Reject sent for message 3033: Unsupported Message Type
20250908-11:35:19: Reject sent for message 3034: Unsupported Message Type
20250908-11:35:19: Reject sent for message 3035: Unsupported Message Type
20250908-11:35:19: Reject sent for message 3036: Unsupported Message Type
20250908-11:35:19: Reject sent for message 3037: Unsupported Message Type
20250908-11:35:19: Reject sent for message 3038: Unsupported Message Type
20250908-11:35:19: Reject sent for message 3039: Unsupported Message Type
20250908-11:35:19: Reject sent for message 3040: Unsupported Message Type
20250908-11:35:19: Reject sent for message 3041: Unsupported Message Type
20250908-11:35:19: Reject sent for message 3042: Unsupported Message Type
20250908-11:35:19: Reject sent for message 3043: Unsupported Message Type
20250908-11:35:19: Reject sent for message 3044: Unsupported Message Type
20250908-11:35:19: Reject sent for message 3045: Unsupported Message Type
20250908-11:35:19: Reject sent for message 3046: Unsupported Message Type
20250908-11:35:19: Reject sent for message 3047: Unsupported Message Type
20250908-11:35:19: Reject sent for message 3048: Unsupported Message Type
20250908-11:35:19: Reject sent for message 3049: Unsupported Message Type
20250908-11:35:19: Reject sent for message 3050: Unsupported Message Type
20250908-11:35:19: Reject sent for message 3051: Unsupported Message Type
20250908-11:35:19: Reject sent for message 3052: Unsupported Message Type
20250908-11:35:19: Reject sent for message 3053: Unsupported Message Type
20250908-11:35:19: Reject sent for message 3054: Unsupported Message Type
20250908-11:35:19: Reject sent for message 3055: Unsupported Message Type
20250908-11:35:19: Reject sent for message 3056: Unsupported Message Type
20250908-11:35:19: Reject sent for message 3057: Unsupported Message Type
20250908-11:35:19: Reject sent for message 3058: Unsupported Message Type
20250908-11:35:19: Reject sent for message 3059: Unsupported Message Type
20250908-11:35:19: Reject sent for message 3060: Unsupported Message Type
20250908-11:35:19: Reject sent for message 3061: Unsupported Message Type
20250908-11:35:19: Reject sent for message 3062: Unsupported Message Type
20250908-11:35:19: Reject sent for message 3063: Unsupported Message Type
20250908-11:35:19: Reject sent for message 3064: Unsupported Message Type
20250908-11:35:19: Reject sent for message 3065: Unsupported Message Type
20250908-11:35:19: Reject sent for message 3066: Unsupported Message Type
20250908-11:35:19: Reject sent for message 3067: Unsupported Message Type
20250908-11:35:19: Reject sent for message 3068: Unsupported Message Type
20250908-11:35:19: Reject sent for message 3069: Unsupported Message Type
20250908-11:35:19: Reject sent for message 3070: Unsupported Message Type
20250908-11:35:19: Reject sent for message 3071: Unsupported Message Type
20250908-11:35:19: Reject sent for message 3072: Unsupported Message Type
20250908-11:35:19: Reject sent for message 3073: Unsupported Message Type
20250908-11:35:19: Reject sent for message 3074: Unsupported Message Type
20250908-11:35:19: Reject sent for message 3075: Unsupported Message Type
20250908-11:35:19: Reject sent for message 3076: Unsupported Message Type
20250908-11:35:19: Reject sent for message 3077: Unsupported Message Type
20250908-11:35:19: Reject sent for message 3078: Unsupported Message Type
20250908-11:35:19: Reject sent for message 3079: Unsupported Message Type
20250908-11:35:19: Reject sent for message 3080: Unsupported Message Type
20250908-11:35:19: Reject sent for message 3081: Unsupported Message Type
20250908-11:35:19: Reject sent for message 3082: Unsupported Message Type
20250908-11:35:19: Reject sent for message 3083: Unsupported Message Type
20250908-11:35:19: Reject sent for message 3084: Unsupported Message Type
20250908-11:35:19: Reject sent for message 3085: Unsupported Message Type
20250908-11:35:19: Reject sent for message 3086: Unsupported Message Type
20250908-11:35:19: Reject sent for message 3087: Unsupported Message Type
20250908-11:35:19: Reject sent for message 3088: Unsupported Message Type
20250908-11:35:19: Reject sent for message 3089: Unsupported Message Type
20250908-11:35:19: Reject sent for message 3090: Unsupported Message Type
20250908-11:35:19: Reject sent for message 3091: Unsupported Message Type
20250908-11:35:19: Reject sent for message 3092: Unsupported Message Type
20250908-11:35:19: Reject sent for message 3093: Unsupported Message Type
20250908-11:35:19: Reject sent for message 3094: Unsupported Message Type
20250908-11:35:19: Reject sent for message 3095: Unsupported Message Type
20250908-11:35:19: Reject sent for message 3096: Unsupported Message Type
20250908-11:35:19: Reject sent for message 3097: Unsupported Message Type
20250908-11:35:19: Reject sent for message 3098: Unsupported Message Type
20250908-11:35:19: Reject sent for message 3099: Unsupported Message Type
20250908-11:35:19: Reject sent for message 3100: Unsupported Message Type
20250908-11:35:19: Reject sent for message 3101: Unsupported Message Type
20250908-11:35:19: Reject sent for message 3102: Unsupported Message Type
20250908-11:35:19: Reject sent for message 3103: Unsupported Message Type
20250908-11:35:19: Reject sent for message 3104: Unsupported Message Type
20250908-11:35:19: Reject sent for message 3105: Unsupported Message Type
20250908-11:35:19: Reject sent for message 3106: Unsupported Message Type
20250908-11:35:19: Reject sent for message 3107: Unsupported Message Type
20250908-11:35:19: Reject sent for message 3108: Unsupported Message Type
20250908-11:35:19: Reject sent for message 3109: Unsupported Message Type
20250908-11:35:19: Reject sent for message 3110: Unsupported Message Type
20250908-11:35:19: Reject sent for message 3111: Unsupported Message Type
20250908-11:35:19: Reject sent for message 3112: Unsupported Message Type
20250908-11:35:19: Reject sent for message 3113: Unsupported Message Type
20250908-11:35:19: Reject sent for message 3114: Unsupported Message Type
20250908-11:35:19: Reject sent for message 3115: Unsupported Message Type
20250908-11:35:19: Reject sent for message 3116: Unsupported Message Type
20250908-11:35:19: Reject sent for message 3117: Unsupported Message Type
20250908-11:35:19: Reject sent for message 3118: Unsupported Message Type
20250908-11:35:19: Reject sent for message 3119: Unsupported Message Type
20250908-11:35:19: Reject sent for message 3120: Unsupported Message Type
20250908-11:35:19: Reject sent for message 3121: Unsupported Message Type
20250908-11:35:19: Reject sent for message 3122: Unsupported Message Type
20250908-11:35:19: Reject sent for message 3123: Unsupported Message Type
20250908-11:35:19: Reject sent for message 3124: Unsupported Message Type
20250908-11:35:19: Reject sent for message 3125: Unsupported Message Type
20250908-11:35:19: Reject sent for message 3126: Unsupported Message Type
20250908-11:35:19: Reject sent for message 3127: Unsupported Message Type
20250908-11:35:19: Reject sent for message 3128: Unsupported Message Type
20250908-11:35:19: Reject sent for message 3129: Unsupported Message Type
20250908-11:35:19: Reject sent for message 3130: Unsupported Message Type
20250908-11:35:19: Reject sent for message 3131: Unsupported Message Type
20250908-11:35:19: Reject sent for message 3132: Unsupported Message Type
20250908-11:35:19: Reject sent for message 3133: Unsupported Message Type
20250908-11:35:19: Reject sent for message 3134: Unsupported Message Type
20250908-11:35:19: Reject sent for message 3135: Unsupported Message Type
20250908-11:35:19: Reject sent for message 3136: Unsupported Message Type
20250908-11:35:19: Reject sent for message 3137: Unsupported Message Type
20250908-11:35:19: Reject sent for message 3138: Unsupported Message Type
20250908-11:35:19: Reject sent for message 3139: Unsupported Message Type
20250908-11:35:19: Reject sent for message 3140: Unsupported Message Type
20250908-11:35:19: Reject sent for message 3141: Unsupported Message Type
20250908-11:35:19: Reject sent for message 3142: Unsupported Message Type
20250908-11:35:19: Reject sent for message 3143: Unsupported Message Type
20250908-11:35:19: Reject sent for message 3144: Unsupported Message Type
20250908-11:35:19: Reject sent for message 3145: Unsupported Message Type
20250908-11:35:19: Reject sent for message 3146: Unsupported Message Type
20250908-11:35:19: Reject sent for message 3147: Unsupported Message Type
20250908-11:35:19: Reject sent for message 3148: Unsupported Message Type
20250908-11:35:19: Reject sent for message 3149: Unsupported Message Type
20250908-11:35:19: Reject sent for message 3150: Unsupported Message Type
20250908-11:35:19: Reject sent for message 3151: Unsupported Message Type
20250908-11:35:19: Reject sent for message 3152: Unsupported Message Type
20250908-11:35:19: Reject sent for message 3153: Unsupported Message Type
20250908-11:35:19: Reject sent for message 3154: Unsupported Message Type
20250908-11:35:20: Reject sent for message 3155: Unsupported Message Type
20250908-11:35:20: Reject sent for message 3156: Unsupported Message Type
20250908-11:35:20: Reject sent for message 3157: Unsupported Message Type
20250908-11:35:20: Reject sent for message 3158: Unsupported Message Type
20250908-11:35:20: Reject sent for message 3159: Unsupported Message Type
20250908-11:35:20: Reject sent for message 3160: Unsupported Message Type
20250908-11:35:20: Reject sent for message 3161: Unsupported Message Type
20250908-11:35:20: Reject sent for message 3162: Unsupported Message Type
20250908-11:35:20: Reject sent for message 3163: Unsupported Message Type
20250908-11:35:20: Reject sent for message 3164: Unsupported Message Type
20250908-11:35:20: Reject sent for message 3165: Unsupported Message Type
20250908-11:35:20: Reject sent for message 3166: Unsupported Message Type
20250908-11:35:20: Reject sent for message 3167: Unsupported Message Type
20250908-11:35:20: Reject sent for message 3168: Unsupported Message Type
20250908-11:35:20: Reject sent for message 3169: Unsupported Message Type
20250908-11:35:20: Reject sent for message 3170: Unsupported Message Type
20250908-11:35:20: Reject sent for message 3171: Unsupported Message Type
20250908-11:35:20: Reject sent for message 3172: Unsupported Message Type
20250908-11:35:20: Reject sent for message 3173: Unsupported Message Type
20250908-11:35:20: Reject sent for message 3174: Unsupported Message Type
20250908-11:35:20: Reject sent for message 3175: Unsupported Message Type
20250908-11:35:20: Reject sent for message 3176: Unsupported Message Type
20250908-11:35:20: Reject sent for message 3177: Unsupported Message Type
20250908-11:35:20: Reject sent for message 3178: Unsupported Message Type
20250908-11:35:20: Reject sent for message 3179: Unsupported Message Type
20250908-11:35:20: Reject sent for message 3180: Unsupported Message Type
20250908-11:35:20: Reject sent for message 3181: Unsupported Message Type
20250908-11:35:20: Reject sent for message 3182: Unsupported Message Type
20250908-11:35:20: Reject sent for message 3183: Unsupported Message Type
20250908-11:35:20: Reject sent for message 3184: Unsupported Message Type
20250908-11:35:20: Reject sent for message 3185: Unsupported Message Type
20250908-11:35:20: Reject sent for message 3186: Unsupported Message Type
20250908-11:35:20: Reject sent for message 3187: Unsupported Message Type
20250908-11:35:20: Reject sent for message 3188: Unsupported Message Type
20250908-11:35:20: Reject sent for message 3189: Unsupported Message Type
20250908-11:35:20: Reject sent for message 3190: Unsupported Message Type
20250908-11:35:20: Reject sent for message 3191: Unsupported Message Type
20250908-11:35:20: Reject sent for message 3192: Unsupported Message Type
20250908-11:35:20: Reject sent for message 3193: Unsupported Message Type
20250908-11:35:20: Reject sent for message 3194: Unsupported Message Type
20250908-11:35:20: Reject sent for message 3195: Unsupported Message Type
20250908-11:35:20: Reject sent for message 3196: Unsupported Message Type
20250908-11:35:20: Reject sent for message 3197: Unsupported Message Type
20250908-11:35:20: Reject sent for message 3198: Unsupported Message Type
20250908-11:35:20: Reject sent for message 3199: Unsupported Message Type
20250908-11:35:20: Reject sent for message 3200: Unsupported Message Type
20250908-11:35:20: Reject sent for message 3201: Unsupported Message Type
20250908-11:35:20: Reject sent for message 3202: Unsupported Message Type
20250908-11:35:20: Reject sent for message 3203: Unsupported Message Type
20250908-11:35:20: Reject sent for message 3204: Unsupported Message Type
20250908-11:35:20: Reject sent for message 3205: Unsupported Message Type
20250908-11:35:20: Reject sent for message 3206: Unsupported Message Type
20250908-11:35:20: Reject sent for message 3207: Unsupported Message Type
20250908-11:35:20: Reject sent for message 3208: Unsupported Message Type
20250908-11:35:20: Reject sent for message 3209: Unsupported Message Type
20250908-11:35:20: Reject sent for message 3210: Unsupported Message Type
20250908-11:35:20: Reject sent for message 3211: Unsupported Message Type
20250908-11:35:20: Reject sent for message 3212: Unsupported Message Type
20250908-11:35:20: Reject sent for message 3213: Unsupported Message Type
20250908-11:35:20: Reject sent for message 3214: Unsupported Message Type
20250908-11:35:20: Reject sent for message 3215: Unsupported Message Type
20250908-11:35:20: Reject sent for message 3216: Unsupported Message Type
20250908-11:35:20: Reject sent for message 3217: Unsupported Message Type
20250908-11:35:20: Reject sent for message 3218: Unsupported Message Type
20250908-11:35:20: Reject sent for message 3219: Unsupported Message Type
20250908-11:35:20: Reject sent for message 3220: Unsupported Message Type
20250908-11:35:20: Reject sent for message 3221: Unsupported Message Type
20250908-11:35:20: Reject sent for message 3222: Unsupported Message Type
20250908-11:35:20: Reject sent for message 3223: Unsupported Message Type
20250908-11:35:20: Reject sent for message 3224: Unsupported Message Type
20250908-11:35:20: Reject sent for message 3225: Unsupported Message Type
20250908-11:35:20: Reject sent for message 3226: Unsupported Message Type
20250908-11:35:20: Reject sent for message 3227: Unsupported Message Type
20250908-11:35:20: Reject sent for message 3228: Unsupported Message Type
20250908-11:35:20: Reject sent for message 3229: Unsupported Message Type
20250908-11:35:20: Reject sent for message 3230: Unsupported Message Type
20250908-11:35:20: Reject sent for message 3231: Unsupported Message Type
20250908-11:35:20: Reject sent for message 3232: Unsupported Message Type
20250908-11:35:20: Reject sent for message 3233: Unsupported Message Type
20250908-11:35:20: Reject sent for message 3234: Unsupported Message Type
20250908-11:35:20: Reject sent for message 3235: Unsupported Message Type
20250908-11:35:20: Reject sent for message 3236: Unsupported Message Type
20250908-11:35:20: Reject sent for message 3237: Unsupported Message Type
20250908-11:35:20: Reject sent for message 3238: Unsupported Message Type
20250908-11:35:20: Reject sent for message 3239: Unsupported Message Type
20250908-11:35:20: Reject sent for message 3240: Unsupported Message Type
20250908-11:35:20: Reject sent for message 3241: Unsupported Message Type
20250908-11:35:20: Reject sent for message 3242: Unsupported Message Type
20250908-11:35:20: Reject sent for message 3243: Unsupported Message Type
20250908-11:35:20: Reject sent for message 3244: Unsupported Message Type
20250908-11:35:20: Reject sent for message 3245: Unsupported Message Type
20250908-11:35:20: Reject sent for message 3246: Unsupported Message Type
20250908-11:35:20: Reject sent for message 3247: Unsupported Message Type
20250908-11:35:20: Reject sent for message 3248: Unsupported Message Type
20250908-11:35:20: Reject sent for message 3249: Unsupported Message Type
20250908-11:35:20: Reject sent for message 3250: Unsupported Message Type
20250908-11:35:20: Reject sent for message 3251: Unsupported Message Type
20250908-11:35:20: Reject sent for message 3252: Unsupported Message Type
20250908-11:35:20: Reject sent for message 3253: Unsupported Message Type
20250908-11:35:20: Reject sent for message 3254: Unsupported Message Type
20250908-11:35:20: Reject sent for message 3255: Unsupported Message Type
20250908-11:35:20: Reject sent for message 3256: Unsupported Message Type
20250908-11:35:20: Reject sent for message 3257: Unsupported Message Type
20250908-11:35:20: Reject sent for message 3258: Unsupported Message Type
20250908-11:35:20: Reject sent for message 3259: Unsupported Message Type
20250908-11:35:20: Reject sent for message 3260: Unsupported Message Type
20250908-11:35:20: Reject sent for message 3261: Unsupported Message Type
20250908-11:35:20: Reject sent for message 3262: Unsupported Message Type
20250908-11:35:20: Reject sent for message 3263: Unsupported Message Type
20250908-11:35:20: Reject sent for message 3264: Unsupported Message Type
20250908-11:35:20: Reject sent for message 3265: Unsupported Message Type
20250908-11:35:20: Reject sent for message 3266: Unsupported Message Type
20250908-11:35:20: Reject sent for message 3267: Unsupported Message Type
20250908-11:35:20: Reject sent for message 3268: Unsupported Message Type
20250908-11:35:20: Reject sent for message 3269: Unsupported Message Type
20250908-11:35:20: Reject sent for message 3270: Unsupported Message Type
20250908-11:35:20: Reject sent for message 3271: Unsupported Message Type
20250908-11:35:20: Reject sent for message 3272: Unsupported Message Type
20250908-11:35:20: Reject sent for message 3273: Unsupported Message Type
20250908-11:35:20: Reject sent for message 3274: Unsupported Message Type
20250908-11:35:20: Reject sent for message 3275: Unsupported Message Type
20250908-11:35:20: Reject sent for message 3276: Unsupported Message Type
20250908-11:35:20: Reject sent for message 3277: Unsupported Message Type
20250908-11:35:20: Reject sent for message 3278: Unsupported Message Type
20250908-11:35:20: Reject sent for message 3279: Unsupported Message Type
20250908-11:35:20: Reject sent for message 3280: Unsupported Message Type
20250908-11:35:20: Reject sent for message 3281: Unsupported Message Type
20250908-11:35:20: Reject sent for message 3282: Unsupported Message Type
20250908-11:35:20: Reject sent for message 3283: Unsupported Message Type
20250908-11:35:20: Reject sent for message 3284: Unsupported Message Type
20250908-11:35:20: Reject sent for message 3285: Unsupported Message Type
20250908-11:35:20: Reject sent for message 3286: Unsupported Message Type
20250908-11:35:20: Reject sent for message 3287: Unsupported Message Type
20250908-11:35:20: Reject sent for message 3288: Unsupported Message Type
20250908-11:35:20: Reject sent for message 3289: Unsupported Message Type
20250908-11:35:20: Reject sent for message 3290: Unsupported Message Type
20250908-11:35:20: Reject sent for message 3291: Unsupported Message Type
20250908-11:35:20: Reject sent for message 3292: Unsupported Message Type
20250908-11:35:20: Reject sent for message 3293: Unsupported Message Type
20250908-11:35:20: Reject sent for message 3294: Unsupported Message Type
20250908-11:35:20: Reject sent for message 3295: Unsupported Message Type
20250908-11:35:20: Reject sent for message 3296: Unsupported Message Type
20250908-11:35:20: Reject sent for message 3297: Unsupported Message Type
20250908-11:35:20: Reject sent for message 3298: Unsupported Message Type
20250908-11:35:20: Reject sent for message 3299: Unsupported Message Type
20250908-11:35:20: Reject sent for message 3300: Unsupported Message Type
20250908-11:35:20: Reject sent for message 3301: Unsupported Message Type
20250908-11:35:20: Reject sent for message 3302: Unsupported Message Type
20250908-11:35:20: Reject sent for message 3303: Unsupported Message Type
20250908-11:35:20: Reject sent for message 3304: Unsupported Message Type
20250908-11:35:20: Reject sent for message 3305: Unsupported Message Type
20250908-11:35:20: Reject sent for message 3306: Unsupported Message Type
20250908-11:35:20: Reject sent for message 3307: Unsupported Message Type
20250908-11:35:20: Reject sent for message 3308: Unsupported Message Type
20250908-11:35:20: Reject sent for message 3309: Unsupported Message Type
20250908-11:35:20: Reject sent for message 3310: Unsupported Message Type
20250908-11:35:20: Reject sent for message 3311: Unsupported Message Type
20250908-11:35:20: Reject sent for message 3312: Unsupported Message Type
20250908-11:35:20: Reject sent for message 3313: Unsupported Message Type
20250908-11:35:20: Reject sent for message 3314: Unsupported Message Type
20250908-11:35:20: Reject sent for message 3315: Unsupported Message Type
20250908-11:35:20: Reject sent for message 3316: Unsupported Message Type
20250908-11:35:20: Reject sent for message 3317: Unsupported Message Type
20250908-11:35:20: Reject sent for message 3318: Unsupported Message Type
20250908-11:35:20: Reject sent for message 3319: Unsupported Message Type
20250908-11:35:20: Reject sent for message 3320: Unsupported Message Type
20250908-11:35:20: Reject sent for message 3321: Unsupported Message Type
20250908-11:35:20: Reject sent for message 3322: Unsupported Message Type
20250908-11:35:20: Reject sent for message 3323: Unsupported Message Type
20250908-11:35:20: Reject sent for message 3324: Unsupported Message Type
20250908-11:35:20: Reject sent for message 3325: Unsupported Message Type
20250908-11:35:20: Reject sent for message 3326: Unsupported Message Type
20250908-11:35:20: Reject sent for message 3327: Unsupported Message Type
20250908-11:35:20: Reject sent for message 3328: Unsupported Message Type
20250908-11:35:20: Reject sent for message 3329: Unsupported Message Type
20250908-11:35:20: Reject sent for message 3330: Unsupported Message Type
20250908-11:35:20: Reject sent for message 3331: Unsupported Message Type
20250908-11:35:20: Reject sent for message 3332: Unsupported Message Type
20250908-11:35:20: Reject sent for message 3333: Unsupported Message Type
20250908-11:35:20: Reject sent for message 3334: Unsupported Message Type
20250908-11:35:20: Reject sent for message 3335: Unsupported Message Type
20250908-11:35:20: Reject sent for message 3336: Unsupported Message Type
20250908-11:35:20: Reject sent for message 3337: Unsupported Message Type
20250908-11:35:20: Reject sent for message 3338: Unsupported Message Type
20250908-11:35:20: Reject sent for message 3339: Unsupported Message Type
20250908-11:35:20: Reject sent for message 3340: Unsupported Message Type
20250908-11:35:20: Reject sent for message 3341: Unsupported Message Type
20250908-11:35:20: Reject sent for message 3342: Unsupported Message Type
20250908-11:35:20: Reject sent for message 3343: Unsupported Message Type
20250908-11:35:20: Reject sent for message 3344: Unsupported Message Type
20250908-11:35:20: Reject sent for message 3345: Unsupported Message Type
20250908-11:35:20: Reject sent for message 3346: Unsupported Message Type
20250908-11:35:20: Reject sent for message 3347: Unsupported Message Type
20250908-11:35:20: Reject sent for message 3348: Unsupported Message Type
20250908-11:35:20: Reject sent for message 3349: Unsupported Message Type
20250908-11:35:20: Reject sent for message 3350: Unsupported Message Type
20250908-11:35:20: Reject sent for message 3351: Unsupported Message Type
20250908-11:35:20: Reject sent for message 3352: Unsupported Message Type
20250908-11:35:20: Reject sent for message 3353: Unsupported Message Type
20250908-11:35:20: Reject sent for message 3354: Unsupported Message Type
20250908-11:35:20: Reject sent for message 3355: Unsupported Message Type
20250908-11:35:20: Reject sent for message 3356: Unsupported Message Type
20250908-11:35:20: Reject sent for message 3357: Unsupported Message Type
20250908-11:35:20: Reject sent for message 3358: Unsupported Message Type
20250908-11:35:20: Reject sent for message 3359: Unsupported Message Type
20250908-11:35:20: Reject sent for message 3360: Unsupported Message Type
20250908-11:35:20: Reject sent for message 3361: Unsupported Message Type
20250908-11:35:20: Reject sent for message 3362: Unsupported Message Type
20250908-11:35:20: Reject sent for message 3363: Unsupported Message Type
20250908-11:35:20: Reject sent for message 3364: Unsupported Message Type
20250908-11:35:20: Reject sent for message 3365: Unsupported Message Type
20250908-11:35:20: Reject sent for message 3366: Unsupported Message Type
20250908-11:35:20: Reject sent for message 3367: Unsupported Message Type
20250908-11:35:20: Reject sent for message 3368: Unsupported Message Type
20250908-11:35:20: Reject sent for message 3369: Unsupported Message Type
20250908-11:35:20: Reject sent for message 3370: Unsupported Message Type
20250908-11:35:20: Reject sent for message 3371: Unsupported Message Type
20250908-11:35:20: Reject sent for message 3372: Unsupported Message Type
20250908-11:35:21: Reject sent for message 3373: Unsupported Message Type
20250908-11:35:21: Reject sent for message 3374: Unsupported Message Type
20250908-11:35:21: Reject sent for message 3375: Unsupported Message Type
20250908-11:35:21: Reject sent for message 3376: Unsupported Message Type
20250908-11:35:21: Reject sent for message 3377: Unsupported Message Type
20250908-11:35:21: Reject sent for message 3378: Unsupported Message Type
20250908-11:35:21: Reject sent for message 3379: Unsupported Message Type
20250908-11:35:21: Reject sent for message 3380: Unsupported Message Type
20250908-11:35:21: Reject sent for message 3381: Unsupported Message Type
20250908-11:35:21: Reject sent for message 3382: Unsupported Message Type
20250908-11:35:21: Reject sent for message 3383: Unsupported Message Type
20250908-11:35:21: Reject sent for message 3384: Unsupported Message Type
20250908-11:35:21: Reject sent for message 3385: Unsupported Message Type
20250908-11:35:21: Reject sent for message 3386: Unsupported Message Type
20250908-11:35:21: Reject sent for message 3387: Unsupported Message Type
20250908-11:35:21: Reject sent for message 3388: Unsupported Message Type
20250908-11:35:21: Reject sent for message 3389: Unsupported Message Type
20250908-11:35:21: Reject sent for message 3390: Unsupported Message Type
20250908-11:35:21: Reject sent for message 3391: Unsupported Message Type
20250908-11:35:21: Reject sent for message 3392: Unsupported Message Type
20250908-11:35:21: Reject sent for message 3393: Unsupported Message Type
20250908-11:35:21: Reject sent for message 3394: Unsupported Message Type
20250908-11:35:21: Reject sent for message 3395: Unsupported Message Type
20250908-11:35:21: Reject sent for message 3396: Unsupported Message Type
20250908-11:35:21: Reject sent for message 3397: Unsupported Message Type
20250908-11:35:21: Reject sent for message 3398: Unsupported Message Type
20250908-11:35:21: Reject sent for message 3399: Unsupported Message Type
20250908-11:35:21: Reject sent for message 3400: Unsupported Message Type
20250908-11:35:21: Reject sent for message 3401: Unsupported Message Type
20250908-11:35:21: Reject sent for message 3402: Unsupported Message Type
20250908-11:35:21: Reject sent for message 3403: Unsupported Message Type
20250908-11:35:21: Reject sent for message 3404: Unsupported Message Type
20250908-11:35:21: Reject sent for message 3405: Unsupported Message Type
20250908-11:35:21: Reject sent for message 3406: Unsupported Message Type
20250908-11:35:21: Reject sent for message 3407: Unsupported Message Type
20250908-11:35:21: Reject sent for message 3408: Unsupported Message Type
20250908-11:35:21: Reject sent for message 3409: Unsupported Message Type
20250908-11:35:21: Reject sent for message 3410: Unsupported Message Type
20250908-11:35:21: Reject sent for message 3411: Unsupported Message Type
20250908-11:35:21: Reject sent for message 3412: Unsupported Message Type
20250908-11:35:21: Reject sent for message 3413: Unsupported Message Type
20250908-11:35:21: Reject sent for message 3414: Unsupported Message Type
20250908-11:35:21: Reject sent for message 3415: Unsupported Message Type
20250908-11:35:21: Reject sent for message 3416: Unsupported Message Type
20250908-11:35:21: Reject sent for message 3417: Unsupported Message Type
20250908-11:35:21: Reject sent for message 3418: Unsupported Message Type
20250908-11:35:21: Reject sent for message 3419: Unsupported Message Type
20250908-11:35:21: Reject sent for message 3420: Unsupported Message Type
20250908-11:35:21: Reject sent for message 3421: Unsupported Message Type
20250908-11:35:21: Reject sent for message 3422: Unsupported Message Type
20250908-11:35:21: Reject sent for message 3423: Unsupported Message Type
20250908-11:35:21: Reject sent for message 3424: Unsupported Message Type
20250908-11:35:21: Reject sent for message 3425: Unsupported Message Type
20250908-11:35:21: Reject sent for message 3426: Unsupported Message Type
20250908-11:35:21: Reject sent for message 3427: Unsupported Message Type
20250908-11:35:21: Reject sent for message 3428: Unsupported Message Type
20250908-11:35:50: Session FIX.4.4:CLIENT5->BROKER1 schedule is daily, 00:00:00-UTC - 23:59:59-UTC
20250908-11:35:50: Created session: FIX.4.4:CLIENT5->BROKER1
20250908-11:35:51: Configured socket addresses for session: [/192.168.0.37:9877]
20250908-11:35:51: MINA session created: local=/192.168.0.39:52259, class org.apache.mina.transport.socket.nio.NioSocketSession, remote=/192.168.0.37:9877
20250908-11:35:52: Initiated logon request
20250908-11:35:52: Received logon
20250908-11:35:52: MsgSeqNum too high, expecting 3429 but received 3430: 8=FIX.4.49=7235=A34=343049=BROKER152=20250908-11:35:57.16656=CLIENT598=0108=3010=143
20250908-11:35:52: Enqueued at pos 3430: 8=FIX.4.49=7235=A34=343049=BROKER152=20250908-11:35:57.16656=CLIENT598=0108=3010=143
20250908-11:35:52: Sent ResendRequest FROM: 3429 TO: infinity
20250908-11:35:52: ResendRequest for messages FROM 3429 TO 3429 has been satisfied.
20250908-11:35:52: Reject sent for message 3429: Unsupported Message Type
20250908-11:35:52: Processing queued message: 3430
20250908-11:35:52: Reject sent for message 3431: Unsupported Message Type
20250908-11:35:52: Reject sent for message 3432: Unsupported Message Type
20250908-11:35:52: Reject sent for message 3433: Unsupported Message Type
20250908-11:35:52: Reject sent for message 3434: Unsupported Message Type
20250908-11:35:52: Reject sent for message 3435: Unsupported Message Type
20250908-11:35:52: Reject sent for message 3436: Unsupported Message Type
20250908-11:35:52: Reject sent for message 3437: Unsupported Message Type
20250908-11:35:52: Reject sent for message 3438: Unsupported Message Type
20250908-11:35:52: Reject sent for message 3439: Unsupported Message Type
20250908-11:35:52: Reject sent for message 3440: Unsupported Message Type
20250908-11:35:52: Reject sent for message 3441: Unsupported Message Type
20250908-11:35:52: Reject sent for message 3442: Unsupported Message Type
20250908-11:35:52: Reject sent for message 3443: Unsupported Message Type
20250908-11:35:52: Reject sent for message 3444: Unsupported Message Type
20250908-11:35:52: Reject sent for message 3445: Unsupported Message Type
20250908-11:35:52: Reject sent for message 3446: Unsupported Message Type
20250908-11:35:52: Reject sent for message 3447: Unsupported Message Type
20250908-11:35:52: Reject sent for message 3448: Unsupported Message Type
20250908-11:35:52: Reject sent for message 3449: Unsupported Message Type
20250908-11:35:52: Reject sent for message 3450: Unsupported Message Type
20250908-11:35:52: Reject sent for message 3451: Unsupported Message Type
20250908-11:35:52: Reject sent for message 3452: Unsupported Message Type
20250908-11:35:52: Reject sent for message 3453: Unsupported Message Type
20250908-11:35:52: Reject sent for message 3454: Unsupported Message Type
20250908-11:35:52: Reject sent for message 3455: Unsupported Message Type
20250908-11:35:52: Reject sent for message 3456: Unsupported Message Type
20250908-11:35:52: Reject sent for message 3457: Unsupported Message Type
20250908-11:35:52: Reject sent for message 3458: Unsupported Message Type
20250908-11:35:52: Reject sent for message 3459: Unsupported Message Type
20250908-11:35:52: Reject sent for message 3460: Unsupported Message Type
20250908-11:35:52: Reject sent for message 3461: Unsupported Message Type
20250908-11:35:52: Reject sent for message 3462: Unsupported Message Type
20250908-11:35:52: Reject sent for message 3463: Unsupported Message Type
20250908-11:35:52: Reject sent for message 3464: Unsupported Message Type
20250908-11:35:52: Reject sent for message 3465: Unsupported Message Type
20250908-11:35:52: Reject sent for message 3466: Unsupported Message Type
20250908-11:35:52: Reject sent for message 3467: Unsupported Message Type
20250908-11:35:52: Reject sent for message 3468: Unsupported Message Type
20250908-11:35:52: Reject sent for message 3469: Unsupported Message Type
20250908-11:35:52: Reject sent for message 3470: Unsupported Message Type
20250908-11:35:52: Reject sent for message 3471: Unsupported Message Type
20250908-11:35:52: Reject sent for message 3472: Unsupported Message Type
20250908-11:35:52: Reject sent for message 3473: Unsupported Message Type
20250908-11:35:52: Reject sent for message 3474: Unsupported Message Type
20250908-11:35:52: Reject sent for message 3475: Unsupported Message Type
20250908-11:35:52: Reject sent for message 3476: Unsupported Message Type
20250908-11:35:52: Reject sent for message 3477: Unsupported Message Type
20250908-11:35:52: Reject sent for message 3478: Unsupported Message Type
20250908-11:35:52: Reject sent for message 3479: Unsupported Message Type
20250908-11:35:52: Reject sent for message 3480: Unsupported Message Type
20250908-11:35:52: Reject sent for message 3481: Unsupported Message Type
20250908-11:35:52: Reject sent for message 3482: Unsupported Message Type
20250908-11:35:52: Reject sent for message 3483: Unsupported Message Type
20250908-11:35:52: Reject sent for message 3484: Unsupported Message Type
20250908-11:35:52: Reject sent for message 3485: Unsupported Message Type
20250908-11:35:53: Reject sent for message 3486: Unsupported Message Type
20250908-11:35:53: Reject sent for message 3487: Unsupported Message Type
20250908-11:35:53: Reject sent for message 3488: Unsupported Message Type
20250908-11:35:53: Reject sent for message 3489: Unsupported Message Type
20250908-11:35:53: Reject sent for message 3490: Unsupported Message Type
20250908-11:35:53: Reject sent for message 3491: Unsupported Message Type
20250908-11:35:53: Reject sent for message 3492: Unsupported Message Type
20250908-11:35:53: Reject sent for message 3493: Unsupported Message Type
20250908-11:35:53: Reject sent for message 3494: Unsupported Message Type
20250908-11:35:53: Reject sent for message 3495: Unsupported Message Type
20250908-11:35:53: Reject sent for message 3496: Unsupported Message Type
20250908-11:35:53: Reject sent for message 3497: Unsupported Message Type
20250908-11:35:53: Reject sent for message 3498: Unsupported Message Type
20250908-11:35:53: Reject sent for message 3499: Unsupported Message Type
20250908-11:35:53: Reject sent for message 3500: Unsupported Message Type
20250908-11:35:53: Reject sent for message 3501: Unsupported Message Type
20250908-11:35:53: Reject sent for message 3502: Unsupported Message Type
20250908-11:35:53: Reject sent for message 3503: Unsupported Message Type
20250908-11:35:53: Reject sent for message 3504: Unsupported Message Type
20250908-11:35:53: Reject sent for message 3505: Unsupported Message Type
20250908-11:35:53: Reject sent for message 3506: Unsupported Message Type
20250908-11:35:53: Reject sent for message 3507: Unsupported Message Type
20250908-11:35:53: Reject sent for message 3508: Unsupported Message Type
20250908-11:35:53: Reject sent for message 3509: Unsupported Message Type
20250908-11:35:53: Reject sent for message 3510: Unsupported Message Type
20250908-11:35:53: Reject sent for message 3511: Unsupported Message Type
20250908-11:35:53: Reject sent for message 3512: Unsupported Message Type
20250908-11:35:53: Reject sent for message 3513: Unsupported Message Type
20250908-11:35:53: Reject sent for message 3514: Unsupported Message Type
20250908-11:35:53: Reject sent for message 3515: Unsupported Message Type
20250908-11:35:53: Reject sent for message 3516: Unsupported Message Type
20250908-11:35:53: Reject sent for message 3517: Unsupported Message Type
20250908-11:35:53: Reject sent for message 3518: Unsupported Message Type
20250908-11:35:53: Reject sent for message 3519: Unsupported Message Type
20250908-11:35:53: Reject sent for message 3520: Unsupported Message Type
20250908-11:35:53: Reject sent for message 3521: Unsupported Message Type
20250908-11:35:53: Reject sent for message 3522: Unsupported Message Type
20250908-11:35:53: Reject sent for message 3523: Unsupported Message Type
20250908-11:35:53: Reject sent for message 3524: Unsupported Message Type
20250908-11:35:53: Reject sent for message 3525: Unsupported Message Type
20250908-11:35:53: Reject sent for message 3526: Unsupported Message Type
20250908-11:35:53: Reject sent for message 3527: Unsupported Message Type
20250908-11:35:53: Reject sent for message 3528: Unsupported Message Type
20250908-11:35:53: Reject sent for message 3529: Unsupported Message Type
20250908-11:35:53: Reject sent for message 3530: Unsupported Message Type
20250908-11:35:53: Reject sent for message 3531: Unsupported Message Type
20250908-11:35:53: Reject sent for message 3532: Unsupported Message Type
20250908-11:35:53: Reject sent for message 3533: Unsupported Message Type
20250908-11:35:53: Reject sent for message 3534: Unsupported Message Type
20250908-11:35:53: Reject sent for message 3535: Unsupported Message Type
20250908-11:35:53: Reject sent for message 3536: Unsupported Message Type
20250908-11:35:53: Reject sent for message 3537: Unsupported Message Type
20250908-11:35:53: Reject sent for message 3538: Unsupported Message Type
20250908-11:35:53: Reject sent for message 3539: Unsupported Message Type
20250908-11:35:53: Reject sent for message 3540: Unsupported Message Type
20250908-11:35:53: Reject sent for message 3541: Unsupported Message Type
20250908-11:35:53: Reject sent for message 3542: Unsupported Message Type
20250908-11:35:53: Reject sent for message 3543: Unsupported Message Type
20250908-11:35:53: Reject sent for message 3544: Unsupported Message Type
20250908-11:35:53: Reject sent for message 3545: Unsupported Message Type
20250908-11:35:53: Reject sent for message 3546: Unsupported Message Type
20250908-11:35:53: Reject sent for message 3547: Unsupported Message Type
20250908-11:35:53: Reject sent for message 3548: Unsupported Message Type
20250908-11:35:53: Reject sent for message 3549: Unsupported Message Type
20250908-11:35:53: Reject sent for message 3550: Unsupported Message Type
20250908-11:35:53: Reject sent for message 3551: Unsupported Message Type
20250908-11:35:53: Reject sent for message 3552: Unsupported Message Type
20250908-11:35:53: Reject sent for message 3553: Unsupported Message Type
20250908-11:35:53: Reject sent for message 3554: Unsupported Message Type
20250908-11:35:53: Reject sent for message 3555: Unsupported Message Type
20250908-11:35:53: Reject sent for message 3556: Unsupported Message Type
20250908-11:35:53: Reject sent for message 3557: Unsupported Message Type
20250908-11:35:53: Reject sent for message 3558: Unsupported Message Type
20250908-11:35:53: Reject sent for message 3559: Unsupported Message Type
20250908-11:35:53: Reject sent for message 3560: Unsupported Message Type
20250908-11:35:53: Reject sent for message 3561: Unsupported Message Type
20250908-11:35:53: Reject sent for message 3562: Unsupported Message Type
20250908-11:35:53: Reject sent for message 3563: Unsupported Message Type
20250908-11:35:53: Reject sent for message 3564: Unsupported Message Type
20250908-11:35:53: Reject sent for message 3565: Unsupported Message Type
20250908-11:35:53: Reject sent for message 3566: Unsupported Message Type
20250908-11:35:53: Reject sent for message 3567: Unsupported Message Type
20250908-11:35:53: Reject sent for message 3568: Unsupported Message Type
20250908-11:35:53: Reject sent for message 3569: Unsupported Message Type
20250908-11:35:53: Reject sent for message 3570: Unsupported Message Type
20250908-11:35:53: Reject sent for message 3571: Unsupported Message Type
20250908-11:35:53: Reject sent for message 3572: Unsupported Message Type
20250908-11:35:53: Reject sent for message 3573: Unsupported Message Type
20250908-11:35:53: Reject sent for message 3574: Unsupported Message Type
20250908-11:35:53: Reject sent for message 3575: Unsupported Message Type
20250908-11:35:53: Reject sent for message 3576: Unsupported Message Type
20250908-11:35:53: Reject sent for message 3577: Unsupported Message Type
20250908-11:35:53: Reject sent for message 3578: Unsupported Message Type
20250908-11:35:53: Reject sent for message 3579: Unsupported Message Type
20250908-11:35:53: Reject sent for message 3580: Unsupported Message Type
20250908-11:35:53: Reject sent for message 3581: Unsupported Message Type
20250908-11:35:53: Reject sent for message 3582: Unsupported Message Type
20250908-11:35:53: Reject sent for message 3583: Unsupported Message Type
20250908-11:35:53: Reject sent for message 3584: Unsupported Message Type
20250908-11:35:53: Reject sent for message 3585: Unsupported Message Type
20250908-11:35:53: Reject sent for message 3586: Unsupported Message Type
20250908-11:35:53: Reject sent for message 3587: Unsupported Message Type
20250908-11:35:53: Reject sent for message 3588: Unsupported Message Type
20250908-11:35:53: Reject sent for message 3589: Unsupported Message Type
20250908-11:35:53: Reject sent for message 3590: Unsupported Message Type
20250908-11:35:53: Reject sent for message 3591: Unsupported Message Type
20250908-11:35:53: Reject sent for message 3592: Unsupported Message Type
20250908-11:35:53: Reject sent for message 3593: Unsupported Message Type
20250908-11:35:53: Reject sent for message 3594: Unsupported Message Type
20250908-11:35:53: Reject sent for message 3595: Unsupported Message Type
20250908-11:35:53: Reject sent for message 3596: Unsupported Message Type
20250908-11:35:53: Reject sent for message 3597: Unsupported Message Type
20250908-11:35:53: Reject sent for message 3598: Unsupported Message Type
20250908-11:35:53: Reject sent for message 3599: Unsupported Message Type
20250908-11:35:53: Reject sent for message 3600: Unsupported Message Type
20250908-11:35:53: Reject sent for message 3601: Unsupported Message Type
20250908-11:35:53: Reject sent for message 3602: Unsupported Message Type
20250908-11:35:53: Reject sent for message 3603: Unsupported Message Type
20250908-11:35:53: Reject sent for message 3604: Unsupported Message Type
20250908-11:35:53: Reject sent for message 3605: Unsupported Message Type
20250908-11:35:53: Reject sent for message 3606: Unsupported Message Type
20250908-11:35:53: Reject sent for message 3607: Unsupported Message Type
20250908-11:35:53: Reject sent for message 3608: Unsupported Message Type
20250908-11:35:53: Reject sent for message 3609: Unsupported Message Type
20250908-11:35:53: Reject sent for message 3610: Unsupported Message Type
20250908-11:35:53: Reject sent for message 3611: Unsupported Message Type
20250908-11:35:53: Reject sent for message 3612: Unsupported Message Type
20250908-11:35:53: Reject sent for message 3613: Unsupported Message Type
20250908-11:35:53: Reject sent for message 3614: Unsupported Message Type
20250908-11:35:53: Reject sent for message 3615: Unsupported Message Type
20250908-11:35:53: Reject sent for message 3616: Unsupported Message Type
20250908-11:35:53: Reject sent for message 3617: Unsupported Message Type
20250908-11:35:53: Reject sent for message 3618: Unsupported Message Type
20250908-11:35:53: Reject sent for message 3619: Unsupported Message Type
20250908-11:35:53: Reject sent for message 3620: Unsupported Message Type
20250908-11:35:53: Reject sent for message 3621: Unsupported Message Type
20250908-11:35:53: Reject sent for message 3622: Unsupported Message Type
20250908-11:35:53: Reject sent for message 3623: Unsupported Message Type
20250908-11:35:53: Reject sent for message 3624: Unsupported Message Type
20250908-11:35:53: Reject sent for message 3625: Unsupported Message Type
20250908-11:35:53: Reject sent for message 3626: Unsupported Message Type
20250908-11:35:53: Reject sent for message 3627: Unsupported Message Type
20250908-11:35:53: Reject sent for message 3628: Unsupported Message Type
20250908-11:35:53: Reject sent for message 3629: Unsupported Message Type
20250908-11:35:53: Reject sent for message 3630: Unsupported Message Type
20250908-11:35:53: Reject sent for message 3631: Unsupported Message Type
20250908-11:35:53: Reject sent for message 3632: Unsupported Message Type
20250908-11:35:53: Reject sent for message 3633: Unsupported Message Type
20250908-11:35:53: Reject sent for message 3634: Unsupported Message Type
20250908-11:35:53: Reject sent for message 3635: Unsupported Message Type
20250908-11:35:53: Reject sent for message 3636: Unsupported Message Type
20250908-11:35:53: Reject sent for message 3637: Unsupported Message Type
20250908-11:35:53: Reject sent for message 3638: Unsupported Message Type
20250908-11:35:53: Reject sent for message 3639: Unsupported Message Type
20250908-11:35:53: Reject sent for message 3640: Unsupported Message Type
20250908-11:35:53: Reject sent for message 3641: Unsupported Message Type
20250908-11:35:53: Reject sent for message 3642: Unsupported Message Type
20250908-11:35:53: Reject sent for message 3643: Unsupported Message Type
20250908-11:35:54: Reject sent for message 3644: Unsupported Message Type
20250908-11:35:54: Reject sent for message 3645: Unsupported Message Type
20250908-11:35:54: Reject sent for message 3646: Unsupported Message Type
20250908-11:35:54: Reject sent for message 3647: Unsupported Message Type
20250908-11:35:54: Reject sent for message 3648: Unsupported Message Type
20250908-11:35:54: Reject sent for message 3649: Unsupported Message Type
20250908-11:35:54: Reject sent for message 3650: Unsupported Message Type
20250908-11:35:54: Reject sent for message 3651: Unsupported Message Type
20250908-11:35:54: Reject sent for message 3652: Unsupported Message Type
20250908-11:35:54: Reject sent for message 3653: Unsupported Message Type
20250908-11:35:54: Reject sent for message 3654: Unsupported Message Type
20250908-11:35:54: Reject sent for message 3655: Unsupported Message Type
20250908-11:35:54: Reject sent for message 3656: Unsupported Message Type
20250908-11:35:54: Reject sent for message 3657: Unsupported Message Type
20250908-11:35:54: Reject sent for message 3658: Unsupported Message Type
20250908-11:35:54: Reject sent for message 3659: Unsupported Message Type
20250908-11:35:54: Reject sent for message 3660: Unsupported Message Type
20250908-11:35:54: Reject sent for message 3661: Unsupported Message Type
20250908-11:35:54: Reject sent for message 3662: Unsupported Message Type
20250908-11:35:54: Reject sent for message 3663: Unsupported Message Type
20250908-11:35:54: Reject sent for message 3664: Unsupported Message Type
20250908-11:35:54: Reject sent for message 3665: Unsupported Message Type
20250908-11:35:54: Reject sent for message 3666: Unsupported Message Type
20250908-11:35:54: Reject sent for message 3667: Unsupported Message Type
20250908-11:35:54: Reject sent for message 3668: Unsupported Message Type
20250908-11:35:54: Reject sent for message 3669: Unsupported Message Type
20250908-11:35:54: Reject sent for message 3670: Unsupported Message Type
20250908-11:35:54: Reject sent for message 3671: Unsupported Message Type
20250908-11:35:54: Reject sent for message 3672: Unsupported Message Type
20250908-11:35:54: Reject sent for message 3673: Unsupported Message Type
20250908-11:35:54: Reject sent for message 3674: Unsupported Message Type
20250908-11:35:54: Reject sent for message 3675: Unsupported Message Type
20250908-11:35:54: Reject sent for message 3676: Unsupported Message Type
20250908-11:35:54: Reject sent for message 3677: Unsupported Message Type
20250908-11:35:54: Reject sent for message 3678: Unsupported Message Type
20250908-11:35:54: Reject sent for message 3679: Unsupported Message Type
20250908-11:35:54: Reject sent for message 3680: Unsupported Message Type
20250908-11:35:54: Reject sent for message 3681: Unsupported Message Type
20250908-11:35:54: Reject sent for message 3682: Unsupported Message Type
20250908-11:35:54: Reject sent for message 3683: Unsupported Message Type
20250908-11:35:54: Reject sent for message 3684: Unsupported Message Type
20250908-11:35:54: Reject sent for message 3685: Unsupported Message Type
20250908-11:35:54: Reject sent for message 3686: Unsupported Message Type
20250908-11:35:54: Reject sent for message 3687: Unsupported Message Type
20250908-11:35:54: Reject sent for message 3688: Unsupported Message Type
20250908-11:35:54: Reject sent for message 3689: Unsupported Message Type
20250908-11:35:54: Reject sent for message 3690: Unsupported Message Type
20250908-11:35:54: Reject sent for message 3691: Unsupported Message Type
20250908-11:35:54: Reject sent for message 3692: Unsupported Message Type
20250908-11:35:54: Reject sent for message 3693: Unsupported Message Type
20250908-11:35:54: Reject sent for message 3694: Unsupported Message Type
20250908-11:35:54: Reject sent for message 3695: Unsupported Message Type
20250908-11:35:54: Reject sent for message 3696: Unsupported Message Type
20250908-11:35:54: Reject sent for message 3697: Unsupported Message Type
20250908-11:35:54: Reject sent for message 3698: Unsupported Message Type
20250908-11:35:54: Reject sent for message 3699: Unsupported Message Type
20250908-11:35:54: Reject sent for message 3700: Unsupported Message Type
20250908-11:35:54: Reject sent for message 3701: Unsupported Message Type
20250908-11:35:54: Reject sent for message 3702: Unsupported Message Type
20250908-11:35:54: Reject sent for message 3703: Unsupported Message Type
20250908-11:35:54: Reject sent for message 3704: Unsupported Message Type
20250908-11:35:54: Reject sent for message 3705: Unsupported Message Type
20250908-11:35:54: Reject sent for message 3706: Unsupported Message Type
20250908-11:35:54: Reject sent for message 3707: Unsupported Message Type
20250908-11:35:54: Reject sent for message 3708: Unsupported Message Type
20250908-11:35:54: Reject sent for message 3709: Unsupported Message Type
20250908-11:35:54: Reject sent for message 3710: Unsupported Message Type
20250908-11:35:54: Reject sent for message 3711: Unsupported Message Type
20250908-11:35:54: Reject sent for message 3712: Unsupported Message Type
20250908-11:35:54: Reject sent for message 3713: Unsupported Message Type
20250908-11:35:54: Reject sent for message 3714: Unsupported Message Type
20250908-11:35:54: Reject sent for message 3715: Unsupported Message Type
20250908-11:35:54: Reject sent for message 3716: Unsupported Message Type
20250908-11:35:54: Reject sent for message 3717: Unsupported Message Type
20250908-11:35:54: Reject sent for message 3718: Unsupported Message Type
20250908-11:35:54: Reject sent for message 3719: Unsupported Message Type
20250908-11:35:54: Reject sent for message 3720: Unsupported Message Type
20250908-11:35:54: Reject sent for message 3721: Unsupported Message Type
20250908-11:35:54: Reject sent for message 3722: Unsupported Message Type
20250908-11:35:54: Reject sent for message 3723: Unsupported Message Type
20250908-11:35:54: Reject sent for message 3724: Unsupported Message Type
20250908-11:35:54: Reject sent for message 3725: Unsupported Message Type
20250908-11:35:54: Reject sent for message 3726: Unsupported Message Type
20250908-11:35:54: Reject sent for message 3727: Unsupported Message Type
20250908-11:35:54: Reject sent for message 3728: Unsupported Message Type
20250908-11:35:54: Reject sent for message 3729: Unsupported Message Type
20250908-11:35:54: Reject sent for message 3730: Unsupported Message Type
20250908-11:35:54: Reject sent for message 3731: Unsupported Message Type
20250908-11:35:54: Reject sent for message 3732: Unsupported Message Type
20250908-11:35:54: Reject sent for message 3733: Unsupported Message Type
20250908-11:35:54: Reject sent for message 3734: Unsupported Message Type
20250908-11:35:54: Reject sent for message 3735: Unsupported Message Type
20250908-11:35:54: Reject sent for message 3736: Unsupported Message Type
20250908-11:35:54: Reject sent for message 3737: Unsupported Message Type
20250908-11:35:54: Reject sent for message 3738: Unsupported Message Type
20250908-11:35:54: Reject sent for message 3739: Unsupported Message Type
20250908-11:35:54: Reject sent for message 3740: Unsupported Message Type
20250908-11:35:54: Reject sent for message 3741: Unsupported Message Type
20250908-11:35:54: Reject sent for message 3742: Unsupported Message Type
20250908-11:35:54: Reject sent for message 3743: Unsupported Message Type
20250908-11:35:54: Reject sent for message 3744: Unsupported Message Type
20250908-11:35:54: Reject sent for message 3745: Unsupported Message Type
20250908-11:35:54: Reject sent for message 3746: Unsupported Message Type
20250908-11:35:54: Reject sent for message 3747: Unsupported Message Type
20250908-11:35:54: Reject sent for message 3748: Unsupported Message Type
20250908-11:35:54: Reject sent for message 3749: Unsupported Message Type
20250908-11:35:54: Reject sent for message 3750: Unsupported Message Type
20250908-11:35:54: Reject sent for message 3751: Unsupported Message Type
20250908-11:35:54: Reject sent for message 3752: Unsupported Message Type
20250908-11:35:54: Reject sent for message 3753: Unsupported Message Type
20250908-11:35:54: Reject sent for message 3754: Unsupported Message Type
20250908-11:35:54: Reject sent for message 3755: Unsupported Message Type
20250908-11:35:54: Reject sent for message 3756: Unsupported Message Type
20250908-11:35:54: Reject sent for message 3757: Unsupported Message Type
20250908-11:35:54: Reject sent for message 3758: Unsupported Message Type
20250908-11:35:54: Reject sent for message 3759: Unsupported Message Type
20250908-11:35:54: Reject sent for message 3760: Unsupported Message Type
20250908-11:35:54: Reject sent for message 3761: Unsupported Message Type
20250908-11:35:54: Reject sent for message 3762: Unsupported Message Type
20250908-11:35:54: Reject sent for message 3763: Unsupported Message Type
20250908-11:35:54: Reject sent for message 3764: Unsupported Message Type
20250908-11:35:54: Reject sent for message 3765: Unsupported Message Type
20250908-11:35:54: Reject sent for message 3766: Unsupported Message Type
20250908-11:35:54: Reject sent for message 3767: Unsupported Message Type
20250908-11:35:54: Reject sent for message 3768: Unsupported Message Type
20250908-11:35:54: Reject sent for message 3769: Unsupported Message Type
20250908-11:35:54: Reject sent for message 3770: Unsupported Message Type
20250908-11:35:54: Reject sent for message 3771: Unsupported Message Type
20250908-11:35:54: Reject sent for message 3772: Unsupported Message Type
20250908-11:35:54: Reject sent for message 3773: Unsupported Message Type
20250908-11:35:54: Reject sent for message 3774: Unsupported Message Type
20250908-11:35:54: Reject sent for message 3775: Unsupported Message Type
20250908-11:35:54: Reject sent for message 3776: Unsupported Message Type
20250908-11:35:54: Reject sent for message 3777: Unsupported Message Type
20250908-11:35:54: Reject sent for message 3778: Unsupported Message Type
20250908-11:35:54: Reject sent for message 3779: Unsupported Message Type
20250908-11:35:54: Reject sent for message 3780: Unsupported Message Type
20250908-11:35:54: Reject sent for message 3781: Unsupported Message Type
20250908-11:35:54: Reject sent for message 3782: Unsupported Message Type
20250908-11:35:54: Reject sent for message 3783: Unsupported Message Type
20250908-11:35:54: Reject sent for message 3784: Unsupported Message Type
20250908-11:35:54: Reject sent for message 3785: Unsupported Message Type
20250908-11:35:54: Reject sent for message 3786: Unsupported Message Type
20250908-11:35:54: Reject sent for message 3787: Unsupported Message Type
20250908-11:35:54: Reject sent for message 3788: Unsupported Message Type
20250908-11:35:54: Reject sent for message 3789: Unsupported Message Type
20250908-11:35:54: Reject sent for message 3790: Unsupported Message Type
20250908-11:35:54: Reject sent for message 3791: Unsupported Message Type
20250908-11:35:54: Reject sent for message 3792: Unsupported Message Type
20250908-11:35:54: Reject sent for message 3793: Unsupported Message Type
20250908-11:35:54: Reject sent for message 3794: Unsupported Message Type
20250908-11:35:54: Reject sent for message 3795: Unsupported Message Type
20250908-11:35:54: Reject sent for message 3796: Unsupported Message Type
20250908-11:35:54: Reject sent for message 3797: Unsupported Message Type
20250908-11:35:54: Reject sent for message 3798: Unsupported Message Type
20250908-11:35:54: Reject sent for message 3799: Unsupported Message Type
20250908-11:35:54: Reject sent for message 3800: Unsupported Message Type
20250908-11:35:54: Reject sent for message 3801: Unsupported Message Type
20250908-11:35:54: Reject sent for message 3802: Unsupported Message Type
20250908-11:35:54: Reject sent for message 3803: Unsupported Message Type
20250908-11:35:54: Reject sent for message 3804: Unsupported Message Type
20250908-11:35:54: Reject sent for message 3805: Unsupported Message Type
20250908-11:35:54: Reject sent for message 3806: Unsupported Message Type
20250908-11:35:54: Reject sent for message 3807: Unsupported Message Type
20250908-11:35:54: Reject sent for message 3808: Unsupported Message Type
20250908-11:35:54: Reject sent for message 3809: Unsupported Message Type
20250908-11:35:54: Reject sent for message 3810: Unsupported Message Type
20250908-11:35:54: Reject sent for message 3811: Unsupported Message Type
20250908-11:35:54: Reject sent for message 3812: Unsupported Message Type
20250908-11:35:55: Reject sent for message 3813: Unsupported Message Type
20250908-11:35:55: Reject sent for message 3814: Unsupported Message Type
20250908-11:35:55: Reject sent for message 3815: Unsupported Message Type
20250908-11:35:55: Reject sent for message 3816: Unsupported Message Type
20250908-11:35:55: Reject sent for message 3817: Unsupported Message Type
20250908-11:35:55: Reject sent for message 3818: Unsupported Message Type
20250908-11:35:55: Reject sent for message 3819: Unsupported Message Type
20250908-11:35:55: Reject sent for message 3820: Unsupported Message Type
20250908-11:35:55: Reject sent for message 3821: Unsupported Message Type
20250908-11:35:55: Reject sent for message 3822: Unsupported Message Type
20250908-11:35:55: Reject sent for message 3823: Unsupported Message Type
20250908-11:35:55: Reject sent for message 3824: Unsupported Message Type
20250908-11:35:55: Reject sent for message 3825: Unsupported Message Type
20250908-11:35:55: Reject sent for message 3826: Unsupported Message Type
20250908-11:35:55: Reject sent for message 3827: Unsupported Message Type
20250908-11:35:55: Reject sent for message 3828: Unsupported Message Type
20250908-11:35:55: Reject sent for message 3829: Unsupported Message Type
20250908-11:35:55: Reject sent for message 3830: Unsupported Message Type
20250908-11:35:55: Reject sent for message 3831: Unsupported Message Type
20250908-11:35:55: Reject sent for message 3832: Unsupported Message Type
20250908-11:35:55: Reject sent for message 3833: Unsupported Message Type
20250908-11:35:55: Reject sent for message 3834: Unsupported Message Type
20250908-11:35:55: Reject sent for message 3835: Unsupported Message Type
20250908-11:35:55: Reject sent for message 3836: Unsupported Message Type
20250908-11:35:55: Reject sent for message 3837: Unsupported Message Type
20250908-11:35:55: Reject sent for message 3838: Unsupported Message Type
20250908-11:35:55: Reject sent for message 3839: Unsupported Message Type
20250908-11:35:55: Reject sent for message 3840: Unsupported Message Type
20250908-11:35:55: Reject sent for message 3841: Unsupported Message Type
20250908-11:35:55: Reject sent for message 3842: Unsupported Message Type
20250908-11:35:55: Reject sent for message 3843: Unsupported Message Type
20250908-11:35:55: Reject sent for message 3844: Unsupported Message Type
20250908-11:35:55: Reject sent for message 3845: Unsupported Message Type
20250908-11:35:55: Reject sent for message 3846: Unsupported Message Type
20250908-11:35:55: Reject sent for message 3847: Unsupported Message Type
20250908-11:35:55: Reject sent for message 3848: Unsupported Message Type
20250908-11:35:55: Reject sent for message 3849: Unsupported Message Type
20250908-11:35:55: Reject sent for message 3850: Unsupported Message Type
20250908-11:35:55: Reject sent for message 3851: Unsupported Message Type
20250908-11:35:55: Reject sent for message 3852: Unsupported Message Type
20250908-11:35:55: Reject sent for message 3853: Unsupported Message Type
20250908-11:35:55: Reject sent for message 3854: Unsupported Message Type
20250908-11:35:55: Reject sent for message 3855: Unsupported Message Type
20250908-11:35:55: Reject sent for message 3856: Unsupported Message Type
20250908-11:35:55: Reject sent for message 3857: Unsupported Message Type
20250908-11:35:55: Reject sent for message 3858: Unsupported Message Type
20250908-11:35:55: Reject sent for message 3859: Unsupported Message Type
20250908-11:35:55: Reject sent for message 3860: Unsupported Message Type
20250908-11:35:55: Reject sent for message 3861: Unsupported Message Type
20250908-11:35:55: Reject sent for message 3862: Unsupported Message Type
20250908-11:35:55: Reject sent for message 3863: Unsupported Message Type
20250908-11:35:55: Reject sent for message 3864: Unsupported Message Type
20250908-11:35:55: Reject sent for message 3865: Unsupported Message Type
20250908-11:35:55: Reject sent for message 3866: Unsupported Message Type
20250908-11:35:55: Reject sent for message 3867: Unsupported Message Type
20250908-11:35:55: Reject sent for message 3868: Unsupported Message Type
20250908-11:35:55: Reject sent for message 3869: Unsupported Message Type
20250908-11:35:55: Reject sent for message 3870: Unsupported Message Type
20250908-11:35:55: Reject sent for message 3871: Unsupported Message Type
20250908-11:35:55: Reject sent for message 3872: Unsupported Message Type
20250908-11:35:55: Reject sent for message 3873: Unsupported Message Type
20250908-11:35:55: Reject sent for message 3874: Unsupported Message Type
20250908-11:35:55: Reject sent for message 3875: Unsupported Message Type
20250908-11:35:55: Reject sent for message 3876: Unsupported Message Type
20250908-11:35:55: Reject sent for message 3877: Unsupported Message Type
20250908-11:35:55: Reject sent for message 3878: Unsupported Message Type
20250908-11:35:55: Reject sent for message 3879: Unsupported Message Type
20250908-11:35:55: Reject sent for message 3880: Unsupported Message Type
20250908-11:35:55: Reject sent for message 3881: Unsupported Message Type
20250908-11:35:55: Reject sent for message 3882: Unsupported Message Type
20250908-11:35:55: Reject sent for message 3883: Unsupported Message Type
20250908-11:35:55: Reject sent for message 3884: Unsupported Message Type
20250908-11:35:55: Reject sent for message 3885: Unsupported Message Type
20250908-11:35:55: Reject sent for message 3886: Unsupported Message Type
20250908-11:35:55: Reject sent for message 3887: Unsupported Message Type
20250908-11:35:55: Reject sent for message 3888: Unsupported Message Type
20250908-11:35:55: Reject sent for message 3889: Unsupported Message Type
20250908-11:35:55: Reject sent for message 3890: Unsupported Message Type
20250908-11:35:55: Reject sent for message 3891: Unsupported Message Type
20250908-11:35:55: Reject sent for message 3892: Unsupported Message Type
20250908-11:35:55: Reject sent for message 3893: Unsupported Message Type
20250908-11:35:55: Reject sent for message 3894: Unsupported Message Type
20250908-11:35:55: Reject sent for message 3895: Unsupported Message Type
20250908-11:35:55: Reject sent for message 3896: Unsupported Message Type
20250908-11:35:55: Reject sent for message 3897: Unsupported Message Type
20250908-11:35:55: Reject sent for message 3898: Unsupported Message Type
20250908-11:35:55: Reject sent for message 3899: Unsupported Message Type
20250908-11:35:55: Reject sent for message 3900: Unsupported Message Type
20250908-11:35:55: Reject sent for message 3901: Unsupported Message Type
20250908-11:35:55: Reject sent for message 3902: Unsupported Message Type
20250908-11:35:55: Reject sent for message 3903: Unsupported Message Type
20250908-11:35:55: Reject sent for message 3904: Unsupported Message Type
20250908-11:35:55: Reject sent for message 3905: Unsupported Message Type
20250908-11:35:55: Reject sent for message 3906: Unsupported Message Type
20250908-11:35:55: Reject sent for message 3907: Unsupported Message Type
20250908-11:35:55: Reject sent for message 3908: Unsupported Message Type
20250908-11:35:55: Reject sent for message 3909: Unsupported Message Type
20250908-11:35:55: Reject sent for message 3910: Unsupported Message Type
20250908-11:35:55: Reject sent for message 3911: Unsupported Message Type
20250908-11:35:55: Reject sent for message 3912: Unsupported Message Type
20250908-11:35:55: Reject sent for message 3913: Unsupported Message Type
20250908-11:35:55: Reject sent for message 3914: Unsupported Message Type
20250908-11:35:55: Reject sent for message 3915: Unsupported Message Type
20250908-11:35:55: Reject sent for message 3916: Unsupported Message Type
20250908-11:35:55: Reject sent for message 3917: Unsupported Message Type
20250908-11:35:55: Reject sent for message 3918: Unsupported Message Type
20250908-11:35:55: Reject sent for message 3919: Unsupported Message Type
20250908-11:35:55: Reject sent for message 3920: Unsupported Message Type
20250908-11:35:55: Reject sent for message 3921: Unsupported Message Type
20250908-11:35:55: Reject sent for message 3922: Unsupported Message Type
20250908-11:35:55: Reject sent for message 3923: Unsupported Message Type
20250908-11:35:55: Reject sent for message 3924: Unsupported Message Type
20250908-11:35:55: Reject sent for message 3925: Unsupported Message Type
20250908-11:35:55: Reject sent for message 3926: Unsupported Message Type
20250908-11:35:55: Reject sent for message 3927: Unsupported Message Type
20250908-11:35:55: Reject sent for message 3928: Unsupported Message Type
20250908-11:35:55: Reject sent for message 3929: Unsupported Message Type
20250908-11:35:55: Reject sent for message 3930: Unsupported Message Type
20250908-11:35:55: Reject sent for message 3931: Unsupported Message Type
20250908-11:35:55: Reject sent for message 3932: Unsupported Message Type
20250908-11:35:55: Reject sent for message 3933: Unsupported Message Type
20250908-11:35:55: Reject sent for message 3934: Unsupported Message Type
20250908-11:35:55: Reject sent for message 3935: Unsupported Message Type
20250908-11:35:55: Reject sent for message 3936: Unsupported Message Type
20250908-11:35:55: Reject sent for message 3937: Unsupported Message Type
20250908-11:35:55: Reject sent for message 3938: Unsupported Message Type
20250908-11:35:55: Reject sent for message 3939: Unsupported Message Type
20250908-11:35:55: Reject sent for message 3940: Unsupported Message Type
20250908-11:35:55: Reject sent for message 3941: Unsupported Message Type
20250908-11:35:55: Reject sent for message 3942: Unsupported Message Type
20250908-11:35:55: Reject sent for message 3943: Unsupported Message Type
20250908-11:35:55: Reject sent for message 3944: Unsupported Message Type
20250908-11:35:55: Reject sent for message 3945: Unsupported Message Type
20250908-11:35:55: Reject sent for message 3946: Unsupported Message Type
20250908-11:35:55: Reject sent for message 3947: Unsupported Message Type
20250908-11:35:55: Reject sent for message 3948: Unsupported Message Type
20250908-11:35:55: Reject sent for message 3949: Unsupported Message Type
20250908-11:35:55: Reject sent for message 3950: Unsupported Message Type
20250908-11:35:55: Reject sent for message 3951: Unsupported Message Type
20250908-11:35:55: Reject sent for message 3952: Unsupported Message Type
20250908-11:35:55: Reject sent for message 3953: Unsupported Message Type
20250908-11:35:55: Reject sent for message 3954: Unsupported Message Type
20250908-11:35:55: Reject sent for message 3955: Unsupported Message Type
20250908-11:35:55: Reject sent for message 3956: Unsupported Message Type
20250908-11:35:55: Reject sent for message 3957: Unsupported Message Type
20250908-11:35:55: Reject sent for message 3958: Unsupported Message Type
20250908-11:35:55: Reject sent for message 3959: Unsupported Message Type
20250908-11:35:55: Reject sent for message 3960: Unsupported Message Type
20250908-11:35:55: Reject sent for message 3961: Unsupported Message Type
20250908-11:35:55: Reject sent for message 3962: Unsupported Message Type
20250908-11:35:55: Reject sent for message 3963: Unsupported Message Type
20250908-11:35:55: Reject sent for message 3964: Unsupported Message Type
20250908-11:35:55: Reject sent for message 3965: Unsupported Message Type
20250908-11:35:55: Reject sent for message 3966: Unsupported Message Type
20250908-11:35:55: Reject sent for message 3967: Unsupported Message Type
20250908-11:35:55: Reject sent for message 3968: Unsupported Message Type
20250908-11:35:55: Reject sent for message 3969: Unsupported Message Type
20250908-11:35:55: Reject sent for message 3970: Unsupported Message Type
20250908-11:35:55: Reject sent for message 3971: Unsupported Message Type
20250908-11:35:55: Reject sent for message 3972: Unsupported Message Type
20250908-11:35:55: Reject sent for message 3973: Unsupported Message Type
20250908-11:35:55: Reject sent for message 3974: Unsupported Message Type
20250908-11:35:55: Reject sent for message 3975: Unsupported Message Type
20250908-11:35:55: Reject sent for message 3976: Unsupported Message Type
20250908-11:35:55: Reject sent for message 3977: Unsupported Message Type
20250908-11:35:55: Reject sent for message 3978: Unsupported Message Type
20250908-11:35:55: Reject sent for message 3979: Unsupported Message Type
20250908-11:35:55: Reject sent for message 3980: Unsupported Message Type
20250908-11:35:55: Reject sent for message 3981: Unsupported Message Type
20250908-11:35:55: Reject sent for message 3982: Unsupported Message Type
20250908-11:35:55: Reject sent for message 3983: Unsupported Message Type
20250908-11:35:55: Reject sent for message 3984: Unsupported Message Type
20250908-11:35:55: Reject sent for message 3985: Unsupported Message Type
20250908-11:35:55: Reject sent for message 3986: Unsupported Message Type
20250908-11:35:55: Reject sent for message 3987: Unsupported Message Type
20250908-11:35:55: Reject sent for message 3988: Unsupported Message Type
20250908-11:35:55: Reject sent for message 3989: Unsupported Message Type
20250908-11:35:55: Reject sent for message 3990: Unsupported Message Type
20250908-11:35:55: Reject sent for message 3991: Unsupported Message Type
20250908-11:35:55: Reject sent for message 3992: Unsupported Message Type
20250908-11:35:55: Reject sent for message 3993: Unsupported Message Type
20250908-11:35:55: Reject sent for message 3994: Unsupported Message Type
20250908-11:35:55: Reject sent for message 3995: Unsupported Message Type
20250908-11:35:55: Reject sent for message 3996: Unsupported Message Type
20250908-11:35:55: Reject sent for message 3997: Unsupported Message Type
20250908-11:35:56: Reject sent for message 3998: Unsupported Message Type
20250908-11:35:56: Reject sent for message 3999: Unsupported Message Type
20250908-11:35:56: Reject sent for message 4000: Unsupported Message Type
20250908-11:35:56: Reject sent for message 4001: Unsupported Message Type
20250908-11:35:56: Reject sent for message 4002: Unsupported Message Type
20250908-11:35:56: Reject sent for message 4003: Unsupported Message Type
20250908-11:35:56: Reject sent for message 4004: Unsupported Message Type
20250908-11:35:56: Reject sent for message 4005: Unsupported Message Type
20250908-11:35:56: Reject sent for message 4006: Unsupported Message Type
20250908-11:35:56: Reject sent for message 4007: Unsupported Message Type
20250908-11:35:56: Reject sent for message 4008: Unsupported Message Type
20250908-11:35:56: Reject sent for message 4009: Unsupported Message Type
20250908-11:35:56: Reject sent for message 4010: Unsupported Message Type
20250908-11:35:56: Reject sent for message 4011: Unsupported Message Type
20250908-11:35:56: Reject sent for message 4012: Unsupported Message Type
20250908-11:35:56: Reject sent for message 4013: Unsupported Message Type
20250908-11:35:56: Reject sent for message 4014: Unsupported Message Type
20250908-11:35:56: Reject sent for message 4015: Unsupported Message Type
20250908-11:35:56: Reject sent for message 4016: Unsupported Message Type
20250908-11:35:56: Reject sent for message 4017: Unsupported Message Type
20250908-11:35:56: Reject sent for message 4018: Unsupported Message Type
20250908-11:35:56: Reject sent for message 4019: Unsupported Message Type
20250908-11:35:56: Reject sent for message 4020: Unsupported Message Type
20250908-11:35:56: Reject sent for message 4021: Unsupported Message Type
20250908-11:35:56: Reject sent for message 4022: Unsupported Message Type
20250908-11:35:56: Reject sent for message 4023: Unsupported Message Type
20250908-11:35:56: Reject sent for message 4024: Unsupported Message Type
20250908-11:35:56: Reject sent for message 4025: Unsupported Message Type
20250908-11:35:56: Reject sent for message 4026: Unsupported Message Type
20250908-11:35:56: Reject sent for message 4027: Unsupported Message Type
20250908-11:35:56: Reject sent for message 4028: Unsupported Message Type
20250908-11:35:56: Reject sent for message 4029: Unsupported Message Type
20250908-11:35:56: Reject sent for message 4030: Unsupported Message Type
20250908-11:35:56: Reject sent for message 4031: Unsupported Message Type
20250908-11:35:56: Reject sent for message 4032: Unsupported Message Type
20250908-11:35:56: Reject sent for message 4033: Unsupported Message Type
20250908-11:35:56: Reject sent for message 4034: Unsupported Message Type
20250908-11:35:56: Reject sent for message 4035: Unsupported Message Type
20250908-11:35:56: Reject sent for message 4036: Unsupported Message Type
20250908-11:35:56: Reject sent for message 4037: Unsupported Message Type
20250908-11:35:56: Reject sent for message 4038: Unsupported Message Type
20250908-11:35:56: Reject sent for message 4039: Unsupported Message Type
20250908-11:35:56: Reject sent for message 4040: Unsupported Message Type
20250908-11:35:56: Reject sent for message 4041: Unsupported Message Type
20250908-11:35:56: Reject sent for message 4042: Unsupported Message Type
20250908-11:35:56: Reject sent for message 4043: Unsupported Message Type
20250908-11:35:56: Reject sent for message 4044: Unsupported Message Type
20250908-11:35:56: Reject sent for message 4045: Unsupported Message Type
20250908-11:35:56: Reject sent for message 4046: Unsupported Message Type
20250908-11:35:56: Reject sent for message 4047: Unsupported Message Type
20250908-11:35:56: Reject sent for message 4048: Unsupported Message Type
20250908-11:35:56: Reject sent for message 4049: Unsupported Message Type
20250908-11:35:56: Reject sent for message 4050: Unsupported Message Type
20250908-11:35:56: Reject sent for message 4051: Unsupported Message Type
20250908-11:35:56: Reject sent for message 4052: Unsupported Message Type
20250908-11:35:56: Reject sent for message 4053: Unsupported Message Type
20250908-11:35:56: Reject sent for message 4054: Unsupported Message Type
20250908-11:35:56: Reject sent for message 4055: Unsupported Message Type
20250908-11:35:56: Reject sent for message 4056: Unsupported Message Type
20250908-11:35:56: Reject sent for message 4057: Unsupported Message Type
20250908-11:35:56: Reject sent for message 4058: Unsupported Message Type
20250908-11:35:56: Reject sent for message 4059: Unsupported Message Type
20250908-11:35:56: Reject sent for message 4060: Unsupported Message Type
20250908-11:35:56: Reject sent for message 4061: Unsupported Message Type
20250908-11:35:56: Reject sent for message 4062: Unsupported Message Type
20250908-11:35:56: Reject sent for message 4063: Unsupported Message Type
20250908-11:35:56: Reject sent for message 4064: Unsupported Message Type
20250908-11:35:56: Reject sent for message 4065: Unsupported Message Type
20250908-11:35:56: Reject sent for message 4066: Unsupported Message Type
20250908-11:35:56: Reject sent for message 4067: Unsupported Message Type
20250908-11:35:56: Reject sent for message 4068: Unsupported Message Type
20250908-11:35:56: Reject sent for message 4069: Unsupported Message Type
20250908-11:35:56: Reject sent for message 4070: Unsupported Message Type
20250908-11:35:56: Reject sent for message 4071: Unsupported Message Type
20250908-11:35:56: Reject sent for message 4072: Unsupported Message Type
20250908-11:35:56: Reject sent for message 4073: Unsupported Message Type
20250908-11:35:56: Reject sent for message 4074: Unsupported Message Type
20250908-11:35:56: Reject sent for message 4075: Unsupported Message Type
20250908-11:35:56: Reject sent for message 4076: Unsupported Message Type
20250908-11:35:56: Reject sent for message 4077: Unsupported Message Type
20250908-11:35:56: Reject sent for message 4078: Unsupported Message Type
20250908-11:35:56: Reject sent for message 4079: Unsupported Message Type
20250908-11:35:56: Reject sent for message 4080: Unsupported Message Type
20250908-11:35:56: Reject sent for message 4081: Unsupported Message Type
20250908-11:35:56: Reject sent for message 4082: Unsupported Message Type
20250908-11:35:56: Reject sent for message 4083: Unsupported Message Type
20250908-11:35:56: Reject sent for message 4084: Unsupported Message Type
20250908-11:35:56: Reject sent for message 4085: Unsupported Message Type
20250908-11:35:56: Reject sent for message 4086: Unsupported Message Type
20250908-11:35:56: Reject sent for message 4087: Unsupported Message Type
20250908-11:35:56: Reject sent for message 4088: Unsupported Message Type
20250908-11:35:56: Reject sent for message 4089: Unsupported Message Type
20250908-11:35:56: Reject sent for message 4090: Unsupported Message Type
20250908-11:35:56: Reject sent for message 4091: Unsupported Message Type
20250908-11:35:56: Reject sent for message 4092: Unsupported Message Type
20250908-11:35:56: Reject sent for message 4093: Unsupported Message Type
20250908-11:35:56: Reject sent for message 4094: Unsupported Message Type
20250908-11:35:56: Reject sent for message 4095: Unsupported Message Type
20250908-11:35:56: Reject sent for message 4096: Unsupported Message Type
20250908-11:35:56: Reject sent for message 4097: Unsupported Message Type
20250908-11:35:56: Reject sent for message 4098: Unsupported Message Type
20250908-11:35:56: Reject sent for message 4099: Unsupported Message Type
20250908-11:35:56: Reject sent for message 4100: Unsupported Message Type
20250908-11:35:56: Reject sent for message 4101: Unsupported Message Type
20250908-11:35:56: Reject sent for message 4102: Unsupported Message Type
20250908-11:35:56: Reject sent for message 4103: Unsupported Message Type
20250908-11:35:56: Reject sent for message 4104: Unsupported Message Type
20250908-11:35:56: Reject sent for message 4105: Unsupported Message Type
20250908-11:35:56: Reject sent for message 4106: Unsupported Message Type
20250908-11:35:56: Reject sent for message 4107: Unsupported Message Type
20250908-11:35:56: Reject sent for message 4108: Unsupported Message Type
20250908-11:35:56: Reject sent for message 4109: Unsupported Message Type
20250908-11:35:56: Reject sent for message 4110: Unsupported Message Type
20250908-11:35:56: Reject sent for message 4111: Unsupported Message Type
20250908-11:35:56: Reject sent for message 4112: Unsupported Message Type
20250908-11:35:56: Reject sent for message 4113: Unsupported Message Type
20250908-11:35:56: Reject sent for message 4114: Unsupported Message Type
20250908-11:35:56: Reject sent for message 4115: Unsupported Message Type
20250908-11:35:56: Reject sent for message 4116: Unsupported Message Type
20250908-11:35:56: Reject sent for message 4117: Unsupported Message Type
20250908-11:35:56: Reject sent for message 4118: Unsupported Message Type
20250908-11:35:56: Reject sent for message 4119: Unsupported Message Type
20250908-11:35:56: Reject sent for message 4120: Unsupported Message Type
20250908-11:35:56: Reject sent for message 4121: Unsupported Message Type
20250908-11:35:56: Reject sent for message 4122: Unsupported Message Type
20250908-11:35:56: Reject sent for message 4123: Unsupported Message Type
20250908-11:35:56: Reject sent for message 4124: Unsupported Message Type
20250908-11:35:56: Reject sent for message 4125: Unsupported Message Type
20250908-11:35:56: Reject sent for message 4126: Unsupported Message Type
20250908-11:35:56: Reject sent for message 4127: Unsupported Message Type
20250908-11:35:56: Reject sent for message 4128: Unsupported Message Type
20250908-11:35:56: Reject sent for message 4129: Unsupported Message Type
20250908-11:35:56: Reject sent for message 4130: Unsupported Message Type
20250908-11:35:56: Reject sent for message 4131: Unsupported Message Type
20250908-11:35:56: Reject sent for message 4132: Unsupported Message Type
20250908-11:35:56: Reject sent for message 4133: Unsupported Message Type
20250908-11:35:56: Reject sent for message 4134: Unsupported Message Type
20250908-11:35:56: Reject sent for message 4135: Unsupported Message Type
20250908-11:35:56: Reject sent for message 4136: Unsupported Message Type
20250908-11:35:56: Reject sent for message 4137: Unsupported Message Type
20250908-11:35:56: Reject sent for message 4138: Unsupported Message Type
20250908-11:35:56: Reject sent for message 4139: Unsupported Message Type
20250908-11:35:56: Reject sent for message 4140: Unsupported Message Type
20250908-11:35:56: Reject sent for message 4141: Unsupported Message Type
20250908-11:35:56: Reject sent for message 4142: Unsupported Message Type
20250908-11:35:56: Reject sent for message 4143: Unsupported Message Type
20250908-11:35:56: Reject sent for message 4144: Unsupported Message Type
20250908-11:35:56: Reject sent for message 4145: Unsupported Message Type
20250908-11:35:56: Reject sent for message 4146: Unsupported Message Type
20250908-11:35:56: Reject sent for message 4147: Unsupported Message Type
20250908-11:35:56: Reject sent for message 4148: Unsupported Message Type
20250908-11:35:56: Reject sent for message 4149: Unsupported Message Type
20250908-11:35:56: Reject sent for message 4150: Unsupported Message Type
20250908-11:35:56: Reject sent for message 4151: Unsupported Message Type
20250908-11:35:56: Reject sent for message 4152: Unsupported Message Type
20250908-11:35:56: Reject sent for message 4153: Unsupported Message Type
20250908-11:35:56: Reject sent for message 4154: Unsupported Message Type
20250908-11:35:56: Reject sent for message 4155: Unsupported Message Type
20250908-11:35:56: Reject sent for message 4156: Unsupported Message Type
20250908-11:35:56: Reject sent for message 4157: Unsupported Message Type
20250908-11:35:56: Reject sent for message 4158: Unsupported Message Type
20250908-11:35:56: Reject sent for message 4159: Unsupported Message Type
20250908-11:35:56: Reject sent for message 4160: Unsupported Message Type
20250908-11:35:56: Reject sent for message 4161: Unsupported Message Type
20250908-11:35:56: Reject sent for message 4162: Unsupported Message Type
20250908-11:35:56: Reject sent for message 4163: Unsupported Message Type
20250908-11:35:56: Reject sent for message 4164: Unsupported Message Type
20250908-11:35:56: Reject sent for message 4165: Unsupported Message Type
20250908-11:35:56: Reject sent for message 4166: Unsupported Message Type
20250908-11:35:56: Reject sent for message 4167: Unsupported Message Type
20250908-11:35:56: Reject sent for message 4168: Unsupported Message Type
20250908-11:35:56: Reject sent for message 4169: Unsupported Message Type
20250908-11:35:56: Reject sent for message 4170: Unsupported Message Type
20250908-11:35:56: Reject sent for message 4171: Unsupported Message Type
20250908-11:35:56: Reject sent for message 4172: Unsupported Message Type
20250908-11:35:56: Reject sent for message 4173: Unsupported Message Type
20250908-11:35:56: Reject sent for message 4174: Unsupported Message Type
20250908-11:35:56: Reject sent for message 4175: Unsupported Message Type
20250908-11:35:56: Reject sent for message 4176: Unsupported Message Type
20250908-11:35:56: Reject sent for message 4177: Unsupported Message Type
20250908-11:35:56: Reject sent for message 4178: Unsupported Message Type
20250908-11:35:56: Reject sent for message 4179: Unsupported Message Type
20250908-11:35:56: Reject sent for message 4180: Unsupported Message Type
20250908-11:35:56: Reject sent for message 4181: Unsupported Message Type
20250908-11:35:56: Reject sent for message 4182: Unsupported Message Type
20250908-11:35:56: Reject sent for message 4183: Unsupported Message Type
20250908-11:35:56: Reject sent for message 4184: Unsupported Message Type
20250908-11:35:56: Reject sent for message 4185: Unsupported Message Type
20250908-11:35:56: Reject sent for message 4186: Unsupported Message Type
20250908-11:35:56: Reject sent for message 4187: Unsupported Message Type
20250908-11:35:56: Reject sent for message 4188: Unsupported Message Type
20250908-11:35:56: Reject sent for message 4189: Unsupported Message Type
20250908-11:35:56: Reject sent for message 4190: Unsupported Message Type
20250908-11:35:56: Reject sent for message 4191: Unsupported Message Type
20250908-11:35:56: Reject sent for message 4192: Unsupported Message Type
20250908-11:35:56: Reject sent for message 4193: Unsupported Message Type
20250908-11:35:56: Reject sent for message 4194: Unsupported Message Type
20250908-11:35:56: Reject sent for message 4195: Unsupported Message Type
20250908-11:35:56: Reject sent for message 4196: Unsupported Message Type
20250908-11:35:56: Reject sent for message 4197: Unsupported Message Type
20250908-11:35:57: Reject sent for message 4198: Unsupported Message Type
20250908-11:35:57: Reject sent for message 4199: Unsupported Message Type
20250908-11:35:57: Reject sent for message 4200: Unsupported Message Type
20250908-11:35:57: Reject sent for message 4201: Unsupported Message Type
20250908-11:35:57: Reject sent for message 4202: Unsupported Message Type
20250908-11:35:57: Reject sent for message 4203: Unsupported Message Type
20250908-11:35:57: Reject sent for message 4204: Unsupported Message Type
20250908-11:35:57: Reject sent for message 4205: Unsupported Message Type
20250908-11:35:57: Reject sent for message 4206: Unsupported Message Type
20250908-11:35:57: Reject sent for message 4207: Unsupported Message Type
20250908-11:35:57: Reject sent for message 4208: Unsupported Message Type
20250908-11:35:57: Reject sent for message 4209: Unsupported Message Type
20250908-11:35:57: Reject sent for message 4210: Unsupported Message Type
20250908-11:35:57: Reject sent for message 4211: Unsupported Message Type
20250908-11:35:57: Reject sent for message 4212: Unsupported Message Type
20250908-11:35:57: Reject sent for message 4213: Unsupported Message Type
20250908-11:35:57: Reject sent for message 4214: Unsupported Message Type
20250908-11:35:57: Reject sent for message 4215: Unsupported Message Type
20250908-11:35:57: Reject sent for message 4216: Unsupported Message Type
20250908-11:35:57: Reject sent for message 4217: Unsupported Message Type
20250908-11:35:57: Reject sent for message 4218: Unsupported Message Type
20250908-11:35:57: Reject sent for message 4219: Unsupported Message Type
20250908-11:35:57: Reject sent for message 4220: Unsupported Message Type
20250908-11:35:57: Reject sent for message 4221: Unsupported Message Type
20250908-11:35:57: Reject sent for message 4222: Unsupported Message Type
20250908-11:35:57: Reject sent for message 4223: Unsupported Message Type
20250908-11:35:57: Reject sent for message 4224: Unsupported Message Type
20250908-11:35:57: Reject sent for message 4225: Unsupported Message Type
20250908-11:35:57: Reject sent for message 4226: Unsupported Message Type
20250908-11:35:57: Reject sent for message 4227: Unsupported Message Type
20250908-11:35:57: Reject sent for message 4228: Unsupported Message Type
20250908-11:35:57: Reject sent for message 4229: Unsupported Message Type
20250908-11:35:57: Reject sent for message 4230: Unsupported Message Type
20250908-11:35:57: Reject sent for message 4231: Unsupported Message Type
20250908-11:35:57: Reject sent for message 4232: Unsupported Message Type
20250908-11:35:57: Reject sent for message 4233: Unsupported Message Type
20250908-11:35:57: Reject sent for message 4234: Unsupported Message Type
20250908-11:35:57: Reject sent for message 4235: Unsupported Message Type
20250908-11:35:57: Reject sent for message 4236: Unsupported Message Type
20250908-11:35:57: Reject sent for message 4237: Unsupported Message Type
20250908-11:35:57: Reject sent for message 4238: Unsupported Message Type
20250908-11:35:57: Reject sent for message 4239: Unsupported Message Type
20250908-11:35:57: Reject sent for message 4240: Unsupported Message Type
20250908-11:35:57: Reject sent for message 4241: Unsupported Message Type
20250908-11:35:57: Reject sent for message 4242: Unsupported Message Type
20250908-11:35:57: Reject sent for message 4243: Unsupported Message Type
20250908-11:35:57: Reject sent for message 4244: Unsupported Message Type
20250908-11:35:57: Reject sent for message 4245: Unsupported Message Type
20250908-11:35:57: Reject sent for message 4246: Unsupported Message Type
20250908-11:35:57: Reject sent for message 4247: Unsupported Message Type
20250908-11:35:57: Reject sent for message 4248: Unsupported Message Type
20250908-11:35:57: Reject sent for message 4249: Unsupported Message Type
20250908-11:35:57: Reject sent for message 4250: Unsupported Message Type
20250908-11:35:57: Reject sent for message 4251: Unsupported Message Type
20250908-11:35:57: Reject sent for message 4252: Unsupported Message Type
20250908-11:35:57: Reject sent for message 4253: Unsupported Message Type
20250908-11:35:57: Reject sent for message 4254: Unsupported Message Type
20250908-11:35:57: Reject sent for message 4255: Unsupported Message Type
20250908-11:35:57: Reject sent for message 4256: Unsupported Message Type
20250908-11:35:57: Reject sent for message 4257: Unsupported Message Type
20250908-11:35:57: Reject sent for message 4258: Unsupported Message Type
20250908-11:35:57: Reject sent for message 4259: Unsupported Message Type
20250908-11:35:57: Reject sent for message 4260: Unsupported Message Type
20250908-11:35:57: Reject sent for message 4261: Unsupported Message Type
20250908-11:35:57: Reject sent for message 4262: Unsupported Message Type
20250908-11:35:57: Reject sent for message 4263: Unsupported Message Type
20250908-11:35:57: Reject sent for message 4264: Unsupported Message Type
20250908-11:35:57: Reject sent for message 4265: Unsupported Message Type
20250908-11:35:57: Reject sent for message 4266: Unsupported Message Type
20250908-11:35:57: Reject sent for message 4267: Unsupported Message Type
20250908-11:35:57: Reject sent for message 4268: Unsupported Message Type
20250908-11:35:57: Reject sent for message 4269: Unsupported Message Type
20250908-11:35:57: Reject sent for message 4270: Unsupported Message Type
20250908-11:35:57: Reject sent for message 4271: Unsupported Message Type
20250908-11:35:57: Reject sent for message 4272: Unsupported Message Type
20250908-11:35:57: Reject sent for message 4273: Unsupported Message Type
20250908-11:35:57: Reject sent for message 4274: Unsupported Message Type
20250908-11:35:57: Reject sent for message 4275: Unsupported Message Type
20250908-11:35:57: Reject sent for message 4276: Unsupported Message Type
20250908-11:35:57: Reject sent for message 4277: Unsupported Message Type
20250908-11:35:57: Reject sent for message 4278: Unsupported Message Type
20250908-11:35:57: Reject sent for message 4279: Unsupported Message Type
20250908-11:35:57: Reject sent for message 4280: Unsupported Message Type
20250908-11:35:57: Reject sent for message 4281: Unsupported Message Type
20250908-11:35:57: Reject sent for message 4282: Unsupported Message Type
20250908-11:35:57: Reject sent for message 4283: Unsupported Message Type
20250908-11:35:57: Reject sent for message 4284: Unsupported Message Type
20250908-11:35:57: Reject sent for message 4285: Unsupported Message Type
20250908-11:35:57: Reject sent for message 4286: Unsupported Message Type
20250908-11:35:57: Reject sent for message 4287: Unsupported Message Type
20250908-11:35:57: Reject sent for message 4288: Unsupported Message Type
20250908-11:35:57: Reject sent for message 4289: Unsupported Message Type
20250908-11:35:57: Reject sent for message 4290: Unsupported Message Type
20250908-11:35:57: Reject sent for message 4291: Unsupported Message Type
20250908-11:35:57: Reject sent for message 4292: Unsupported Message Type
20250908-11:35:57: Reject sent for message 4293: Unsupported Message Type
20250908-11:35:57: Reject sent for message 4294: Unsupported Message Type
20250908-11:35:57: Reject sent for message 4295: Unsupported Message Type
20250908-11:35:57: Reject sent for message 4296: Unsupported Message Type
20250908-11:35:57: Reject sent for message 4297: Unsupported Message Type
20250908-11:35:57: Reject sent for message 4298: Unsupported Message Type
20250908-11:35:57: Reject sent for message 4299: Unsupported Message Type
20250908-11:35:57: Reject sent for message 4300: Unsupported Message Type
20250908-11:35:57: Reject sent for message 4301: Unsupported Message Type
20250908-11:35:57: Reject sent for message 4302: Unsupported Message Type
20250908-11:35:57: Reject sent for message 4303: Unsupported Message Type
20250908-11:35:57: Reject sent for message 4304: Unsupported Message Type
20250908-11:35:57: Reject sent for message 4305: Unsupported Message Type
20250908-11:35:57: Reject sent for message 4306: Unsupported Message Type
20250908-11:35:57: Reject sent for message 4307: Unsupported Message Type
20250908-11:35:57: Reject sent for message 4308: Unsupported Message Type
20250908-11:35:57: Reject sent for message 4309: Unsupported Message Type
20250908-11:35:57: Reject sent for message 4310: Unsupported Message Type
20250908-11:35:57: Reject sent for message 4311: Unsupported Message Type
20250908-11:35:57: Reject sent for message 4312: Unsupported Message Type
20250908-11:35:57: Reject sent for message 4313: Unsupported Message Type
20250908-11:35:57: Reject sent for message 4314: Unsupported Message Type
20250908-11:35:57: Reject sent for message 4315: Unsupported Message Type
20250908-11:35:57: Reject sent for message 4316: Unsupported Message Type
20250908-11:35:58: Reject sent for message 4317: Unsupported Message Type
20250908-11:35:58: Reject sent for message 4318: Unsupported Message Type
20250908-11:35:58: Reject sent for message 4319: Unsupported Message Type
20250908-11:35:58: Reject sent for message 4320: Unsupported Message Type
20250908-11:35:58: Reject sent for message 4321: Unsupported Message Type
20250908-11:35:58: Reject sent for message 4322: Unsupported Message Type
20250908-11:35:58: Reject sent for message 4323: Unsupported Message Type
20250908-11:35:58: Reject sent for message 4324: Unsupported Message Type
20250908-11:35:58: Reject sent for message 4325: Unsupported Message Type
20250908-11:35:58: Reject sent for message 4326: Unsupported Message Type
20250908-11:35:58: Reject sent for message 4327: Unsupported Message Type
20250908-11:35:58: Reject sent for message 4328: Unsupported Message Type
20250908-11:35:58: Reject sent for message 4329: Unsupported Message Type
20250908-11:35:58: Reject sent for message 4330: Unsupported Message Type
20250908-11:35:58: Reject sent for message 4331: Unsupported Message Type
20250908-11:35:58: Reject sent for message 4332: Unsupported Message Type
20250908-11:35:58: Reject sent for message 4333: Unsupported Message Type
20250908-11:35:58: Reject sent for message 4334: Unsupported Message Type
20250908-11:35:58: Reject sent for message 4335: Unsupported Message Type
20250908-11:35:58: Reject sent for message 4336: Unsupported Message Type
20250908-11:35:58: Reject sent for message 4337: Unsupported Message Type
20250908-11:35:58: Reject sent for message 4338: Unsupported Message Type
20250908-11:35:58: Reject sent for message 4339: Unsupported Message Type
20250908-11:35:58: Reject sent for message 4340: Unsupported Message Type
20250908-11:35:58: Reject sent for message 4341: Unsupported Message Type
20250908-11:35:58: Reject sent for message 4342: Unsupported Message Type
20250908-11:35:58: Reject sent for message 4343: Unsupported Message Type
20250908-11:35:58: Reject sent for message 4344: Unsupported Message Type
20250908-11:35:58: Reject sent for message 4345: Unsupported Message Type
20250908-11:35:58: Reject sent for message 4346: Unsupported Message Type
20250908-11:35:58: Reject sent for message 4347: Unsupported Message Type
20250908-11:35:58: Reject sent for message 4348: Unsupported Message Type
20250908-11:35:58: Reject sent for message 4349: Unsupported Message Type
20250908-11:35:58: Reject sent for message 4350: Unsupported Message Type
20250908-11:35:58: Reject sent for message 4351: Unsupported Message Type
20250908-11:35:58: Reject sent for message 4352: Unsupported Message Type
20250908-11:35:58: Reject sent for message 4353: Unsupported Message Type
20250908-11:35:58: Reject sent for message 4354: Unsupported Message Type
20250908-11:35:58: Reject sent for message 4355: Unsupported Message Type
20250908-11:35:58: Reject sent for message 4356: Unsupported Message Type
20250908-11:35:58: Reject sent for message 4357: Unsupported Message Type
20250908-11:35:58: Reject sent for message 4358: Unsupported Message Type
20250908-11:35:58: Reject sent for message 4359: Unsupported Message Type
20250908-11:35:58: Reject sent for message 4360: Unsupported Message Type
20250908-11:35:58: Reject sent for message 4361: Unsupported Message Type
20250908-11:35:58: Reject sent for message 4362: Unsupported Message Type
20250908-11:35:58: Reject sent for message 4363: Unsupported Message Type
20250908-11:35:58: Reject sent for message 4364: Unsupported Message Type
20250908-11:35:58: Reject sent for message 4365: Unsupported Message Type
20250908-11:35:58: Reject sent for message 4366: Unsupported Message Type
20250908-11:35:58: Reject sent for message 4367: Unsupported Message Type
20250908-11:35:58: Reject sent for message 4368: Unsupported Message Type
20250908-11:35:58: Reject sent for message 4369: Unsupported Message Type
20250908-11:35:58: Reject sent for message 4370: Unsupported Message Type
20250908-11:35:58: Reject sent for message 4371: Unsupported Message Type
20250908-11:35:58: Reject sent for message 4372: Unsupported Message Type
20250908-11:35:58: Reject sent for message 4373: Unsupported Message Type
20250908-11:35:58: Reject sent for message 4374: Unsupported Message Type
20250908-11:35:58: Reject sent for message 4375: Unsupported Message Type
20250908-11:35:58: Reject sent for message 4376: Unsupported Message Type
20250908-11:35:58: Reject sent for message 4377: Unsupported Message Type
20250908-11:35:58: Reject sent for message 4378: Unsupported Message Type
20250908-11:35:58: Reject sent for message 4379: Unsupported Message Type
20250908-11:35:58: Reject sent for message 4380: Unsupported Message Type
20250908-11:35:58: Reject sent for message 4381: Unsupported Message Type
20250908-11:35:58: Reject sent for message 4382: Unsupported Message Type
20250908-11:35:58: Reject sent for message 4383: Unsupported Message Type
20250908-11:35:58: Reject sent for message 4384: Unsupported Message Type
20250908-11:35:58: Reject sent for message 4385: Unsupported Message Type
20250908-11:35:58: Reject sent for message 4386: Unsupported Message Type
20250908-11:35:58: Reject sent for message 4387: Unsupported Message Type
20250908-11:35:58: Reject sent for message 4388: Unsupported Message Type
20250908-11:35:58: Reject sent for message 4389: Unsupported Message Type
20250908-11:35:58: Reject sent for message 4390: Unsupported Message Type
20250908-11:35:58: Reject sent for message 4391: Unsupported Message Type
20250908-11:35:58: Reject sent for message 4392: Unsupported Message Type
20250908-11:35:58: Reject sent for message 4393: Unsupported Message Type
20250908-11:35:58: Reject sent for message 4394: Unsupported Message Type
20250908-11:35:58: Reject sent for message 4395: Unsupported Message Type
20250908-11:35:58: Reject sent for message 4396: Unsupported Message Type
20250908-11:35:58: Reject sent for message 4397: Unsupported Message Type
20250908-11:35:58: Reject sent for message 4398: Unsupported Message Type
20250908-11:35:58: Reject sent for message 4399: Unsupported Message Type
20250908-11:35:58: Reject sent for message 4400: Unsupported Message Type
20250908-11:35:58: Reject sent for message 4401: Unsupported Message Type
20250908-11:35:58: Reject sent for message 4402: Unsupported Message Type
20250908-11:35:58: Reject sent for message 4403: Unsupported Message Type
20250908-11:35:58: Reject sent for message 4404: Unsupported Message Type
20250908-11:35:58: Reject sent for message 4405: Unsupported Message Type
20250908-11:35:58: Reject sent for message 4406: Unsupported Message Type
20250908-11:35:58: Reject sent for message 4407: Unsupported Message Type
20250908-11:35:58: Reject sent for message 4408: Unsupported Message Type
20250908-11:35:58: Reject sent for message 4409: Unsupported Message Type
20250908-11:35:58: Reject sent for message 4410: Unsupported Message Type
20250908-11:35:58: Reject sent for message 4411: Unsupported Message Type
20250908-11:35:58: Reject sent for message 4412: Unsupported Message Type
20250908-11:35:58: Reject sent for message 4413: Unsupported Message Type
20250908-11:35:58: Reject sent for message 4414: Unsupported Message Type
20250908-11:35:58: Reject sent for message 4415: Unsupported Message Type
20250908-11:35:58: Reject sent for message 4416: Unsupported Message Type
20250908-11:35:58: Reject sent for message 4417: Unsupported Message Type
20250908-11:35:58: Reject sent for message 4418: Unsupported Message Type
20250908-11:35:58: Reject sent for message 4419: Unsupported Message Type
20250908-11:35:58: Reject sent for message 4420: Unsupported Message Type
20250908-11:35:58: Reject sent for message 4421: Unsupported Message Type
20250908-11:35:58: Reject sent for message 4422: Unsupported Message Type
20250908-11:35:58: Reject sent for message 4423: Unsupported Message Type
20250908-11:35:58: Reject sent for message 4424: Unsupported Message Type
20250908-11:35:58: Reject sent for message 4425: Unsupported Message Type
20250908-11:35:58: Reject sent for message 4426: Unsupported Message Type
20250908-11:35:58: Reject sent for message 4427: Unsupported Message Type
20250908-11:35:58: Reject sent for message 4428: Unsupported Message Type
20250908-11:35:58: Reject sent for message 4429: Unsupported Message Type
20250908-11:35:58: Reject sent for message 4430: Unsupported Message Type
20250908-11:35:58: Reject sent for message 4431: Unsupported Message Type
20250908-11:35:58: Reject sent for message 4432: Unsupported Message Type
20250908-11:35:58: Reject sent for message 4433: Unsupported Message Type
20250908-11:35:58: Reject sent for message 4434: Unsupported Message Type
20250908-11:35:58: Reject sent for message 4435: Unsupported Message Type
20250908-11:35:58: Reject sent for message 4436: Unsupported Message Type
20250908-11:35:58: Reject sent for message 4437: Unsupported Message Type
20250908-11:35:58: Reject sent for message 4438: Unsupported Message Type
20250908-11:35:58: Reject sent for message 4439: Unsupported Message Type
20250908-11:35:58: Reject sent for message 4440: Unsupported Message Type
20250908-11:35:58: Reject sent for message 4441: Unsupported Message Type
20250908-11:35:58: Reject sent for message 4442: Unsupported Message Type
20250908-11:35:58: Reject sent for message 4443: Unsupported Message Type
20250908-11:35:58: Reject sent for message 4444: Unsupported Message Type
20250908-11:35:58: Reject sent for message 4445: Unsupported Message Type
20250908-11:35:58: Reject sent for message 4446: Unsupported Message Type
20250908-11:35:58: Reject sent for message 4447: Unsupported Message Type
20250908-11:35:58: Reject sent for message 4448: Unsupported Message Type
20250908-11:35:58: Reject sent for message 4449: Unsupported Message Type
20250908-11:35:58: Reject sent for message 4450: Unsupported Message Type
20250908-11:35:58: Reject sent for message 4451: Unsupported Message Type
20250908-11:35:58: Reject sent for message 4452: Unsupported Message Type
20250908-11:35:58: Reject sent for message 4453: Unsupported Message Type
20250908-11:35:58: Reject sent for message 4454: Unsupported Message Type
20250908-11:35:58: Reject sent for message 4455: Unsupported Message Type
20250908-11:35:58: Reject sent for message 4456: Unsupported Message Type
20250908-11:35:58: Reject sent for message 4457: Unsupported Message Type
20250908-11:35:58: Reject sent for message 4458: Unsupported Message Type
20250908-11:35:58: Reject sent for message 4459: Unsupported Message Type
20250908-11:35:58: Reject sent for message 4460: Unsupported Message Type
20250908-11:35:58: Reject sent for message 4461: Unsupported Message Type
20250908-11:35:58: Reject sent for message 4462: Unsupported Message Type
20250908-11:35:58: Reject sent for message 4463: Unsupported Message Type
20250908-11:35:58: Reject sent for message 4464: Unsupported Message Type
20250908-11:35:58: Reject sent for message 4465: Unsupported Message Type
20250908-11:35:58: Reject sent for message 4466: Unsupported Message Type
20250908-11:35:58: Reject sent for message 4467: Unsupported Message Type
20250908-11:35:58: Reject sent for message 4468: Unsupported Message Type
20250908-11:35:58: Reject sent for message 4469: Unsupported Message Type
20250908-11:35:58: Reject sent for message 4470: Unsupported Message Type
20250908-11:35:58: Reject sent for message 4471: Unsupported Message Type
20250908-11:35:58: Reject sent for message 4472: Unsupported Message Type
20250908-11:35:58: Reject sent for message 4473: Unsupported Message Type
20250908-11:35:58: Reject sent for message 4474: Unsupported Message Type
20250908-11:35:58: Reject sent for message 4475: Unsupported Message Type
20250908-11:35:58: Reject sent for message 4476: Unsupported Message Type
20250908-11:35:58: Reject sent for message 4477: Unsupported Message Type
20250908-11:35:58: Reject sent for message 4478: Unsupported Message Type
20250908-11:35:58: Reject sent for message 4479: Unsupported Message Type
20250908-11:35:58: Reject sent for message 4480: Unsupported Message Type
20250908-11:35:58: Reject sent for message 4481: Unsupported Message Type
20250908-11:35:58: Reject sent for message 4482: Unsupported Message Type
20250908-11:35:58: Reject sent for message 4483: Unsupported Message Type
20250908-11:35:58: Reject sent for message 4484: Unsupported Message Type
20250908-11:35:58: Reject sent for message 4485: Unsupported Message Type
20250908-11:35:58: Reject sent for message 4486: Unsupported Message Type
20250908-11:35:58: Reject sent for message 4487: Unsupported Message Type
20250908-11:35:58: Reject sent for message 4488: Unsupported Message Type
20250908-11:35:58: Reject sent for message 4489: Unsupported Message Type
20250908-11:35:58: Reject sent for message 4490: Unsupported Message Type
20250908-11:35:58: Reject sent for message 4491: Unsupported Message Type
20250908-11:35:58: Reject sent for message 4492: Unsupported Message Type
20250908-11:35:58: Reject sent for message 4493: Unsupported Message Type
20250908-11:35:58: Reject sent for message 4494: Unsupported Message Type
20250908-11:35:58: Reject sent for message 4495: Unsupported Message Type
20250908-11:35:58: Reject sent for message 4496: Unsupported Message Type
20250908-11:35:58: Reject sent for message 4497: Unsupported Message Type
20250908-11:35:58: Reject sent for message 4498: Unsupported Message Type
20250908-11:35:58: Reject sent for message 4499: Unsupported Message Type
20250908-11:35:58: Reject sent for message 4500: Unsupported Message Type
20250908-11:35:58: Reject sent for message 4501: Unsupported Message Type
20250908-11:35:58: Reject sent for message 4502: Unsupported Message Type
20250908-11:35:58: Reject sent for message 4503: Unsupported Message Type
20250908-11:35:58: Reject sent for message 4504: Unsupported Message Type
20250908-11:35:58: Reject sent for message 4505: Unsupported Message Type
20250908-11:35:58: Reject sent for message 4506: Unsupported Message Type
20250908-11:35:58: Reject sent for message 4507: Unsupported Message Type
20250908-11:35:58: Reject sent for message 4508: Unsupported Message Type
20250908-11:35:58: Reject sent for message 4509: Unsupported Message Type
20250908-11:35:58: Reject sent for message 4510: Unsupported Message Type
20250908-11:35:58: Reject sent for message 4511: Unsupported Message Type
20250908-11:35:58: Reject sent for message 4512: Unsupported Message Type
20250908-11:35:58: Reject sent for message 4513: Unsupported Message Type
20250908-11:35:58: Reject sent for message 4514: Unsupported Message Type
20250908-11:35:58: Reject sent for message 4515: Unsupported Message Type
20250908-11:35:58: Reject sent for message 4516: Unsupported Message Type
20250908-11:35:58: Reject sent for message 4517: Unsupported Message Type
20250908-11:35:59: Reject sent for message 4518: Unsupported Message Type
20250908-11:35:59: Reject sent for message 4519: Unsupported Message Type
20250908-11:35:59: Reject sent for message 4520: Unsupported Message Type
20250908-11:35:59: Reject sent for message 4521: Unsupported Message Type
20250908-11:35:59: Reject sent for message 4522: Unsupported Message Type
20250908-11:35:59: Reject sent for message 4523: Unsupported Message Type
20250908-11:35:59: Reject sent for message 4524: Unsupported Message Type
20250908-11:35:59: Reject sent for message 4525: Unsupported Message Type
20250908-11:35:59: Reject sent for message 4526: Unsupported Message Type
20250908-11:35:59: Reject sent for message 4527: Unsupported Message Type
20250908-11:35:59: Reject sent for message 4528: Unsupported Message Type
20250908-11:35:59: Reject sent for message 4529: Unsupported Message Type
20250908-11:35:59: Reject sent for message 4530: Unsupported Message Type
20250908-11:35:59: Reject sent for message 4531: Unsupported Message Type
20250908-11:35:59: Reject sent for message 4532: Unsupported Message Type
20250908-11:35:59: Reject sent for message 4533: Unsupported Message Type
20250908-11:35:59: Reject sent for message 4534: Unsupported Message Type
20250908-11:35:59: Reject sent for message 4535: Unsupported Message Type
20250908-11:35:59: Reject sent for message 4536: Unsupported Message Type
20250908-11:35:59: Reject sent for message 4537: Unsupported Message Type
20250908-11:35:59: Reject sent for message 4538: Unsupported Message Type
20250908-11:35:59: Reject sent for message 4539: Unsupported Message Type
20250908-11:35:59: Reject sent for message 4540: Unsupported Message Type
20250908-11:35:59: Reject sent for message 4541: Unsupported Message Type
20250908-11:35:59: Reject sent for message 4542: Unsupported Message Type
20250908-11:35:59: Reject sent for message 4543: Unsupported Message Type
20250908-11:35:59: Reject sent for message 4544: Unsupported Message Type
20250908-11:35:59: Reject sent for message 4545: Unsupported Message Type
20250908-11:35:59: Reject sent for message 4546: Unsupported Message Type
20250908-11:35:59: Reject sent for message 4547: Unsupported Message Type
20250908-11:35:59: Reject sent for message 4548: Unsupported Message Type
20250908-11:35:59: Reject sent for message 4549: Unsupported Message Type
20250908-11:35:59: Reject sent for message 4550: Unsupported Message Type
20250908-11:35:59: Reject sent for message 4551: Unsupported Message Type
20250908-11:35:59: Reject sent for message 4552: Unsupported Message Type
20250908-11:35:59: Reject sent for message 4553: Unsupported Message Type
20250908-11:35:59: Reject sent for message 4554: Unsupported Message Type
20250908-11:35:59: Reject sent for message 4555: Unsupported Message Type
20250908-11:35:59: Reject sent for message 4556: Unsupported Message Type
20250908-11:35:59: Reject sent for message 4557: Unsupported Message Type
20250908-11:35:59: Reject sent for message 4558: Unsupported Message Type
20250908-11:35:59: Reject sent for message 4559: Unsupported Message Type
20250908-11:35:59: Reject sent for message 4560: Unsupported Message Type
20250908-11:35:59: Reject sent for message 4561: Unsupported Message Type
20250908-11:35:59: Reject sent for message 4562: Unsupported Message Type
20250908-11:35:59: Reject sent for message 4563: Unsupported Message Type
20250908-11:35:59: Reject sent for message 4564: Unsupported Message Type
20250908-11:35:59: Reject sent for message 4565: Unsupported Message Type
20250908-11:35:59: Reject sent for message 4566: Unsupported Message Type
20250908-11:35:59: Reject sent for message 4567: Unsupported Message Type
20250908-11:35:59: Reject sent for message 4568: Unsupported Message Type
20250908-11:35:59: Reject sent for message 4569: Unsupported Message Type
20250908-11:35:59: Reject sent for message 4570: Unsupported Message Type
20250908-11:35:59: Reject sent for message 4571: Unsupported Message Type
20250908-11:35:59: Reject sent for message 4572: Unsupported Message Type
20250908-11:35:59: Reject sent for message 4573: Unsupported Message Type
20250908-11:35:59: Reject sent for message 4574: Unsupported Message Type
20250908-11:35:59: Reject sent for message 4575: Unsupported Message Type
20250908-11:35:59: Reject sent for message 4576: Unsupported Message Type
20250908-11:35:59: Reject sent for message 4577: Unsupported Message Type
20250908-11:35:59: Reject sent for message 4578: Unsupported Message Type
20250908-11:35:59: Reject sent for message 4579: Unsupported Message Type
20250908-11:35:59: Reject sent for message 4580: Unsupported Message Type
20250908-11:35:59: Reject sent for message 4581: Unsupported Message Type
20250908-11:35:59: Reject sent for message 4582: Unsupported Message Type
20250908-11:35:59: Reject sent for message 4583: Unsupported Message Type
20250908-11:35:59: Reject sent for message 4584: Unsupported Message Type
20250908-11:35:59: Reject sent for message 4585: Unsupported Message Type
20250908-11:35:59: Reject sent for message 4586: Unsupported Message Type
20250908-11:35:59: Reject sent for message 4587: Unsupported Message Type
20250908-11:35:59: Reject sent for message 4588: Unsupported Message Type
20250908-11:35:59: Reject sent for message 4589: Unsupported Message Type
20250908-11:35:59: Reject sent for message 4590: Unsupported Message Type
20250908-11:35:59: Reject sent for message 4591: Unsupported Message Type
20250908-11:35:59: Reject sent for message 4592: Unsupported Message Type
20250908-11:35:59: Reject sent for message 4593: Unsupported Message Type
20250908-11:35:59: Reject sent for message 4594: Unsupported Message Type
20250908-11:35:59: Reject sent for message 4595: Unsupported Message Type
20250908-11:35:59: Reject sent for message 4596: Unsupported Message Type
20250908-11:35:59: Reject sent for message 4597: Unsupported Message Type
20250908-11:35:59: Reject sent for message 4598: Unsupported Message Type
20250908-11:35:59: Reject sent for message 4599: Unsupported Message Type
20250908-11:35:59: Reject sent for message 4600: Unsupported Message Type
20250908-11:35:59: Reject sent for message 4601: Unsupported Message Type
20250908-11:35:59: Reject sent for message 4602: Unsupported Message Type
20250908-11:35:59: Reject sent for message 4603: Unsupported Message Type
20250908-11:35:59: Reject sent for message 4604: Unsupported Message Type
20250908-11:35:59: Reject sent for message 4605: Unsupported Message Type
20250908-11:35:59: Reject sent for message 4606: Unsupported Message Type
20250908-11:35:59: Reject sent for message 4607: Unsupported Message Type
20250908-11:35:59: Reject sent for message 4608: Unsupported Message Type
20250908-11:35:59: Reject sent for message 4609: Unsupported Message Type
20250908-11:35:59: Reject sent for message 4610: Unsupported Message Type
20250908-11:35:59: Reject sent for message 4611: Unsupported Message Type
20250908-11:35:59: Reject sent for message 4612: Unsupported Message Type
20250908-11:35:59: Reject sent for message 4613: Unsupported Message Type
20250908-11:35:59: Reject sent for message 4614: Unsupported Message Type
20250908-11:35:59: Reject sent for message 4615: Unsupported Message Type
20250908-11:35:59: Reject sent for message 4616: Unsupported Message Type
20250908-11:35:59: Reject sent for message 4617: Unsupported Message Type
20250908-11:35:59: Reject sent for message 4618: Unsupported Message Type
20250908-11:35:59: Reject sent for message 4619: Unsupported Message Type
20250908-11:35:59: Reject sent for message 4620: Unsupported Message Type
20250908-11:35:59: Reject sent for message 4621: Unsupported Message Type
20250908-11:35:59: Reject sent for message 4622: Unsupported Message Type
20250908-11:35:59: Reject sent for message 4623: Unsupported Message Type
20250908-11:35:59: Reject sent for message 4624: Unsupported Message Type
20250908-11:35:59: Reject sent for message 4625: Unsupported Message Type
20250908-11:35:59: Reject sent for message 4626: Unsupported Message Type
20250908-11:35:59: Reject sent for message 4627: Unsupported Message Type
20250908-11:35:59: Reject sent for message 4628: Unsupported Message Type
20250908-11:35:59: Reject sent for message 4629: Unsupported Message Type
20250908-11:35:59: Reject sent for message 4630: Unsupported Message Type
20250908-11:35:59: Reject sent for message 4631: Unsupported Message Type
20250908-11:35:59: Reject sent for message 4632: Unsupported Message Type
20250908-11:35:59: Reject sent for message 4633: Unsupported Message Type
20250908-11:35:59: Reject sent for message 4634: Unsupported Message Type
20250908-11:35:59: Reject sent for message 4635: Unsupported Message Type
20250908-11:35:59: Reject sent for message 4636: Unsupported Message Type
20250908-11:35:59: Reject sent for message 4637: Unsupported Message Type
20250908-11:35:59: Reject sent for message 4638: Unsupported Message Type
20250908-11:35:59: Reject sent for message 4639: Unsupported Message Type
20250908-11:35:59: Reject sent for message 4640: Unsupported Message Type
20250908-11:35:59: Reject sent for message 4641: Unsupported Message Type
20250908-11:35:59: Reject sent for message 4642: Unsupported Message Type
20250908-11:35:59: Reject sent for message 4643: Unsupported Message Type
20250908-11:35:59: Reject sent for message 4644: Unsupported Message Type
20250908-11:35:59: Reject sent for message 4645: Unsupported Message Type
20250908-11:35:59: Reject sent for message 4646: Unsupported Message Type
20250908-11:35:59: Reject sent for message 4647: Unsupported Message Type
20250908-11:35:59: Reject sent for message 4648: Unsupported Message Type
20250908-11:35:59: Reject sent for message 4649: Unsupported Message Type
20250908-11:35:59: Reject sent for message 4650: Unsupported Message Type
20250908-11:35:59: Reject sent for message 4651: Unsupported Message Type
20250908-11:35:59: Reject sent for message 4652: Unsupported Message Type
20250908-11:35:59: Reject sent for message 4653: Unsupported Message Type
20250908-11:35:59: Reject sent for message 4654: Unsupported Message Type
20250908-11:35:59: Reject sent for message 4655: Unsupported Message Type
20250908-11:35:59: Reject sent for message 4656: Unsupported Message Type
20250908-11:35:59: Reject sent for message 4657: Unsupported Message Type
20250908-11:35:59: Reject sent for message 4658: Unsupported Message Type
20250908-11:35:59: Reject sent for message 4659: Unsupported Message Type
20250908-11:35:59: Reject sent for message 4660: Unsupported Message Type
20250908-11:35:59: Reject sent for message 4661: Unsupported Message Type
20250908-11:35:59: Reject sent for message 4662: Unsupported Message Type
20250908-11:35:59: Reject sent for message 4663: Unsupported Message Type
20250908-11:35:59: Reject sent for message 4664: Unsupported Message Type
20250908-11:35:59: Reject sent for message 4665: Unsupported Message Type
20250908-11:35:59: Reject sent for message 4666: Unsupported Message Type
20250908-11:35:59: Reject sent for message 4667: Unsupported Message Type
20250908-11:35:59: Reject sent for message 4668: Unsupported Message Type
20250908-11:35:59: Reject sent for message 4669: Unsupported Message Type
20250908-11:35:59: Reject sent for message 4670: Unsupported Message Type
20250908-11:35:59: Reject sent for message 4671: Unsupported Message Type
20250908-11:35:59: Reject sent for message 4672: Unsupported Message Type
20250908-11:35:59: Reject sent for message 4673: Unsupported Message Type
20250908-11:35:59: Reject sent for message 4674: Unsupported Message Type
20250908-11:35:59: Reject sent for message 4675: Unsupported Message Type
20250908-11:35:59: Reject sent for message 4676: Unsupported Message Type
20250908-11:35:59: Reject sent for message 4677: Unsupported Message Type
20250908-11:35:59: Reject sent for message 4678: Unsupported Message Type
20250908-11:35:59: Reject sent for message 4679: Unsupported Message Type
20250908-11:35:59: Reject sent for message 4680: Unsupported Message Type
20250908-11:35:59: Reject sent for message 4681: Unsupported Message Type
20250908-11:35:59: Reject sent for message 4682: Unsupported Message Type
20250908-11:35:59: Reject sent for message 4683: Unsupported Message Type
20250908-11:35:59: Reject sent for message 4684: Unsupported Message Type
20250908-11:35:59: Reject sent for message 4685: Unsupported Message Type
20250908-11:35:59: Reject sent for message 4686: Unsupported Message Type
20250908-11:35:59: Reject sent for message 4687: Unsupported Message Type
20250908-11:35:59: Reject sent for message 4688: Unsupported Message Type
20250908-11:35:59: Reject sent for message 4689: Unsupported Message Type
20250908-11:35:59: Reject sent for message 4690: Unsupported Message Type
20250908-11:35:59: Reject sent for message 4691: Unsupported Message Type
20250908-11:35:59: Reject sent for message 4692: Unsupported Message Type
20250908-11:35:59: Reject sent for message 4693: Unsupported Message Type
20250908-11:35:59: Reject sent for message 4694: Unsupported Message Type
20250908-11:35:59: Reject sent for message 4695: Unsupported Message Type
20250908-11:35:59: Reject sent for message 4696: Unsupported Message Type
20250908-11:35:59: Reject sent for message 4697: Unsupported Message Type
20250908-11:35:59: Reject sent for message 4698: Unsupported Message Type
20250908-11:35:59: Reject sent for message 4699: Unsupported Message Type
20250908-11:35:59: Reject sent for message 4700: Unsupported Message Type
20250908-11:35:59: Reject sent for message 4701: Unsupported Message Type
20250908-11:35:59: Reject sent for message 4702: Unsupported Message Type
20250908-11:35:59: Reject sent for message 4703: Unsupported Message Type
20250908-11:35:59: Reject sent for message 4704: Unsupported Message Type
20250908-11:35:59: Reject sent for message 4705: Unsupported Message Type
20250908-11:35:59: Reject sent for message 4706: Unsupported Message Type
20250908-11:35:59: Reject sent for message 4707: Unsupported Message Type
20250908-11:35:59: Reject sent for message 4708: Unsupported Message Type
20250908-11:35:59: Reject sent for message 4709: Unsupported Message Type
20250908-11:35:59: Reject sent for message 4710: Unsupported Message Type
20250908-11:35:59: Reject sent for message 4711: Unsupported Message Type
20250908-11:35:59: Reject sent for message 4712: Unsupported Message Type
20250908-11:35:59: Reject sent for message 4713: Unsupported Message Type
20250908-11:35:59: Reject sent for message 4714: Unsupported Message Type
20250908-11:35:59: Reject sent for message 4715: Unsupported Message Type
20250908-11:35:59: Reject sent for message 4716: Unsupported Message Type
20250908-11:35:59: Reject sent for message 4717: Unsupported Message Type
20250908-11:35:59: Reject sent for message 4718: Unsupported Message Type
20250908-11:35:59: Reject sent for message 4719: Unsupported Message Type
20250908-11:35:59: Reject sent for message 4720: Unsupported Message Type
20250908-11:35:59: Reject sent for message 4721: Unsupported Message Type
20250908-11:35:59: Reject sent for message 4722: Unsupported Message Type
20250908-11:35:59: Reject sent for message 4723: Unsupported Message Type
20250908-11:35:59: Reject sent for message 4724: Unsupported Message Type
20250908-11:35:59: Reject sent for message 4725: Unsupported Message Type
20250908-11:35:59: Reject sent for message 4726: Unsupported Message Type
20250908-11:35:59: Reject sent for message 4727: Unsupported Message Type
20250908-11:35:59: Reject sent for message 4728: Unsupported Message Type
20250908-11:35:59: Reject sent for message 4729: Unsupported Message Type
20250908-11:35:59: Reject sent for message 4730: Unsupported Message Type
20250908-11:35:59: Reject sent for message 4731: Unsupported Message Type
20250908-11:35:59: Reject sent for message 4732: Unsupported Message Type
20250908-11:35:59: Reject sent for message 4733: Unsupported Message Type
20250908-11:35:59: Reject sent for message 4734: Unsupported Message Type
20250908-11:35:59: Reject sent for message 4735: Unsupported Message Type
20250908-11:35:59: Reject sent for message 4736: Unsupported Message Type
20250908-11:35:59: Reject sent for message 4737: Unsupported Message Type
20250908-11:36:00: Reject sent for message 4738: Unsupported Message Type
20250908-11:36:00: Reject sent for message 4739: Unsupported Message Type
20250908-11:36:00: Reject sent for message 4740: Unsupported Message Type
20250908-11:36:00: Reject sent for message 4741: Unsupported Message Type
20250908-11:36:00: Reject sent for message 4742: Unsupported Message Type
20250908-11:36:00: Reject sent for message 4743: Unsupported Message Type
20250908-11:36:00: Reject sent for message 4744: Unsupported Message Type
20250908-11:36:00: Reject sent for message 4745: Unsupported Message Type
20250908-11:36:00: Reject sent for message 4746: Unsupported Message Type
20250908-11:36:00: Reject sent for message 4747: Unsupported Message Type
20250908-11:36:00: Reject sent for message 4748: Unsupported Message Type
20250908-11:36:00: Reject sent for message 4749: Unsupported Message Type
20250908-11:36:00: Reject sent for message 4750: Unsupported Message Type
20250908-11:36:00: Reject sent for message 4751: Unsupported Message Type
20250908-11:36:00: Reject sent for message 4752: Unsupported Message Type
20250908-11:36:00: Reject sent for message 4753: Unsupported Message Type
20250908-11:36:00: Reject sent for message 4754: Unsupported Message Type
20250908-11:36:00: Reject sent for message 4755: Unsupported Message Type
20250908-11:36:00: Reject sent for message 4756: Unsupported Message Type
20250908-11:36:00: Reject sent for message 4757: Unsupported Message Type
20250908-11:36:00: Reject sent for message 4758: Unsupported Message Type
20250908-11:36:00: Reject sent for message 4759: Unsupported Message Type
20250908-11:36:00: Reject sent for message 4760: Unsupported Message Type
20250908-11:36:00: Reject sent for message 4761: Unsupported Message Type
20250908-11:36:00: Reject sent for message 4762: Unsupported Message Type
20250908-11:36:00: Reject sent for message 4763: Unsupported Message Type
20250908-11:36:00: Reject sent for message 4764: Unsupported Message Type
20250908-11:36:00: Reject sent for message 4765: Unsupported Message Type
20250908-11:36:00: Reject sent for message 4766: Unsupported Message Type
20250908-11:36:00: Reject sent for message 4767: Unsupported Message Type
20250908-11:36:00: Reject sent for message 4768: Unsupported Message Type
20250908-11:36:00: Reject sent for message 4769: Unsupported Message Type
20250908-11:36:00: Reject sent for message 4770: Unsupported Message Type
20250908-11:36:00: Reject sent for message 4771: Unsupported Message Type
20250908-11:36:00: Reject sent for message 4772: Unsupported Message Type
20250908-11:36:00: Reject sent for message 4773: Unsupported Message Type
20250908-11:36:00: Reject sent for message 4774: Unsupported Message Type
20250908-11:36:00: Reject sent for message 4775: Unsupported Message Type
20250908-11:36:00: Reject sent for message 4776: Unsupported Message Type
20250908-11:36:00: Reject sent for message 4777: Unsupported Message Type
20250908-11:36:00: Reject sent for message 4778: Unsupported Message Type
20250908-11:36:00: Reject sent for message 4779: Unsupported Message Type
20250908-11:36:00: Reject sent for message 4780: Unsupported Message Type
20250908-11:36:00: Reject sent for message 4781: Unsupported Message Type
20250908-11:36:00: Reject sent for message 4782: Unsupported Message Type
20250908-11:36:00: Reject sent for message 4783: Unsupported Message Type
20250908-11:36:00: Reject sent for message 4784: Unsupported Message Type
20250908-11:36:00: Reject sent for message 4785: Unsupported Message Type
20250908-11:36:00: Reject sent for message 4786: Unsupported Message Type
20250908-11:36:00: Reject sent for message 4787: Unsupported Message Type
20250908-11:36:00: Reject sent for message 4788: Unsupported Message Type
20250908-11:36:00: Reject sent for message 4789: Unsupported Message Type
20250908-11:36:00: Reject sent for message 4790: Unsupported Message Type
20250908-11:36:00: Reject sent for message 4791: Unsupported Message Type
20250908-11:36:00: Reject sent for message 4792: Unsupported Message Type
20250908-11:36:00: Reject sent for message 4793: Unsupported Message Type
20250908-11:36:00: Reject sent for message 4794: Unsupported Message Type
20250908-11:36:00: Reject sent for message 4795: Unsupported Message Type
20250908-11:36:00: Reject sent for message 4796: Unsupported Message Type
20250908-11:36:00: Reject sent for message 4797: Unsupported Message Type
20250908-11:36:00: Reject sent for message 4798: Unsupported Message Type
20250908-11:36:00: Reject sent for message 4799: Unsupported Message Type
20250908-11:36:00: Reject sent for message 4800: Unsupported Message Type
20250908-11:36:00: Reject sent for message 4801: Unsupported Message Type
20250908-11:36:00: Reject sent for message 4802: Unsupported Message Type
20250908-11:36:00: Reject sent for message 4803: Unsupported Message Type
20250908-11:36:00: Reject sent for message 4804: Unsupported Message Type
20250908-11:36:00: Reject sent for message 4805: Unsupported Message Type
20250908-11:36:00: Reject sent for message 4806: Unsupported Message Type
20250908-11:36:00: Reject sent for message 4807: Unsupported Message Type
20250908-11:36:00: Reject sent for message 4808: Unsupported Message Type
20250908-11:36:00: Reject sent for message 4809: Unsupported Message Type
20250908-11:36:00: Reject sent for message 4810: Unsupported Message Type
20250908-11:36:00: Reject sent for message 4811: Unsupported Message Type
20250908-11:36:00: Reject sent for message 4812: Unsupported Message Type
20250908-11:36:00: Reject sent for message 4813: Unsupported Message Type
20250908-11:36:00: Reject sent for message 4814: Unsupported Message Type
20250908-11:36:00: Reject sent for message 4815: Unsupported Message Type
20250908-11:36:00: Reject sent for message 4816: Unsupported Message Type
20250908-11:36:00: Reject sent for message 4817: Unsupported Message Type
20250908-11:36:00: Reject sent for message 4818: Unsupported Message Type
20250908-11:36:00: Reject sent for message 4819: Unsupported Message Type
20250908-11:36:00: Reject sent for message 4820: Unsupported Message Type
20250908-11:36:00: Reject sent for message 4821: Unsupported Message Type
20250908-11:36:00: Reject sent for message 4822: Unsupported Message Type
20250908-11:36:00: Reject sent for message 4823: Unsupported Message Type
20250908-11:36:00: Reject sent for message 4824: Unsupported Message Type
20250908-11:36:00: Reject sent for message 4825: Unsupported Message Type
20250908-11:36:00: Reject sent for message 4826: Unsupported Message Type
20250908-11:36:00: Reject sent for message 4827: Unsupported Message Type
20250908-11:36:00: Reject sent for message 4828: Unsupported Message Type
20250908-11:36:00: Reject sent for message 4829: Unsupported Message Type
20250908-11:36:00: Reject sent for message 4830: Unsupported Message Type
20250908-11:36:00: Reject sent for message 4831: Unsupported Message Type
20250908-11:36:00: Reject sent for message 4832: Unsupported Message Type
20250908-11:36:00: Reject sent for message 4833: Unsupported Message Type
20250908-11:36:00: Reject sent for message 4834: Unsupported Message Type
20250908-11:36:00: Reject sent for message 4835: Unsupported Message Type
20250908-11:36:00: Reject sent for message 4836: Unsupported Message Type
20250908-11:36:00: Reject sent for message 4837: Unsupported Message Type
20250908-11:36:00: Reject sent for message 4838: Unsupported Message Type
20250908-11:36:00: Reject sent for message 4839: Unsupported Message Type
20250908-11:36:00: Reject sent for message 4840: Unsupported Message Type
20250908-11:36:00: Reject sent for message 4841: Unsupported Message Type
20250908-11:36:00: Reject sent for message 4842: Unsupported Message Type
20250908-11:36:00: Reject sent for message 4843: Unsupported Message Type
20250908-11:36:00: Reject sent for message 4844: Unsupported Message Type
20250908-11:36:00: Reject sent for message 4845: Unsupported Message Type
20250908-11:36:00: Reject sent for message 4846: Unsupported Message Type
20250908-11:36:00: Reject sent for message 4847: Unsupported Message Type
20250908-11:36:00: Reject sent for message 4848: Unsupported Message Type
20250908-11:36:00: Reject sent for message 4849: Unsupported Message Type
20250908-11:36:00: Reject sent for message 4850: Unsupported Message Type
20250908-11:36:00: Reject sent for message 4851: Unsupported Message Type
20250908-11:36:00: Reject sent for message 4852: Unsupported Message Type
20250908-11:36:00: Reject sent for message 4853: Unsupported Message Type
20250908-11:36:00: Reject sent for message 4854: Unsupported Message Type
20250908-11:36:00: Reject sent for message 4855: Unsupported Message Type
20250908-11:36:00: Reject sent for message 4856: Unsupported Message Type
20250908-11:36:00: Reject sent for message 4857: Unsupported Message Type
20250908-11:36:00: Reject sent for message 4858: Unsupported Message Type
20250908-11:36:00: Reject sent for message 4859: Unsupported Message Type
20250908-11:36:00: Reject sent for message 4860: Unsupported Message Type
20250908-11:36:00: Reject sent for message 4861: Unsupported Message Type
20250908-11:36:00: Reject sent for message 4862: Unsupported Message Type
20250908-11:36:00: Reject sent for message 4863: Unsupported Message Type
20250908-11:36:00: Reject sent for message 4864: Unsupported Message Type
20250908-11:36:00: Reject sent for message 4865: Unsupported Message Type
20250908-11:36:00: Reject sent for message 4866: Unsupported Message Type
20250908-11:36:00: Reject sent for message 4867: Unsupported Message Type
20250908-11:36:00: Reject sent for message 4868: Unsupported Message Type
20250908-11:36:00: Reject sent for message 4869: Unsupported Message Type
20250908-11:36:00: Reject sent for message 4870: Unsupported Message Type
20250908-11:36:00: Reject sent for message 4871: Unsupported Message Type
20250908-11:36:00: Reject sent for message 4872: Unsupported Message Type
20250908-11:36:00: Reject sent for message 4873: Unsupported Message Type
20250908-11:36:00: Reject sent for message 4874: Unsupported Message Type
20250908-11:36:00: Reject sent for message 4875: Unsupported Message Type
20250908-11:36:00: Reject sent for message 4876: Unsupported Message Type
20250908-11:36:00: Reject sent for message 4877: Unsupported Message Type
20250908-11:36:00: Reject sent for message 4878: Unsupported Message Type
20250908-11:36:00: Reject sent for message 4879: Unsupported Message Type
20250908-11:36:00: Reject sent for message 4880: Unsupported Message Type
20250908-11:36:00: Reject sent for message 4881: Unsupported Message Type
20250908-11:36:00: Reject sent for message 4882: Unsupported Message Type
20250908-11:36:00: Reject sent for message 4883: Unsupported Message Type
20250908-11:36:00: Reject sent for message 4884: Unsupported Message Type
20250908-11:36:00: Reject sent for message 4885: Unsupported Message Type
20250908-11:36:00: Reject sent for message 4886: Unsupported Message Type
20250908-11:36:00: Reject sent for message 4887: Unsupported Message Type
20250908-11:36:00: Reject sent for message 4888: Unsupported Message Type
20250908-11:36:00: Reject sent for message 4889: Unsupported Message Type
20250908-11:36:00: Reject sent for message 4890: Unsupported Message Type
20250908-11:36:00: Reject sent for message 4891: Unsupported Message Type
20250908-11:36:00: Reject sent for message 4892: Unsupported Message Type
20250908-11:36:00: Reject sent for message 4893: Unsupported Message Type
20250908-11:36:00: Reject sent for message 4894: Unsupported Message Type
20250908-11:36:00: Reject sent for message 4895: Unsupported Message Type
20250908-11:36:00: Reject sent for message 4896: Unsupported Message Type
20250908-11:36:00: Reject sent for message 4897: Unsupported Message Type
20250908-11:36:00: Reject sent for message 4898: Unsupported Message Type
20250908-11:36:00: Reject sent for message 4899: Unsupported Message Type
20250908-11:36:00: Reject sent for message 4900: Unsupported Message Type
20250908-11:36:00: Reject sent for message 4901: Unsupported Message Type
20250908-11:36:00: Reject sent for message 4902: Unsupported Message Type
20250908-11:36:00: Reject sent for message 4903: Unsupported Message Type
20250908-11:36:00: Reject sent for message 4904: Unsupported Message Type
20250908-11:36:00: Reject sent for message 4905: Unsupported Message Type
20250908-11:36:00: Reject sent for message 4906: Unsupported Message Type
20250908-11:36:00: Reject sent for message 4907: Unsupported Message Type
20250908-11:36:00: Reject sent for message 4908: Unsupported Message Type
20250908-11:36:00: Reject sent for message 4909: Unsupported Message Type
20250908-11:36:00: Reject sent for message 4910: Unsupported Message Type
20250908-11:36:00: Reject sent for message 4911: Unsupported Message Type
20250908-11:36:00: Reject sent for message 4912: Unsupported Message Type
20250908-11:36:00: Reject sent for message 4913: Unsupported Message Type
20250908-11:36:00: Reject sent for message 4914: Unsupported Message Type
20250908-11:36:00: Reject sent for message 4915: Unsupported Message Type
20250908-11:36:00: Reject sent for message 4916: Unsupported Message Type
20250908-11:36:00: Reject sent for message 4917: Unsupported Message Type
20250908-11:36:00: Reject sent for message 4918: Unsupported Message Type
20250908-11:36:00: Reject sent for message 4919: Unsupported Message Type
20250908-11:36:00: Reject sent for message 4920: Unsupported Message Type
20250908-11:36:00: Reject sent for message 4921: Unsupported Message Type
20250908-11:36:00: Reject sent for message 4922: Unsupported Message Type
20250908-11:36:00: Reject sent for message 4923: Unsupported Message Type
20250908-11:36:00: Reject sent for message 4924: Unsupported Message Type
20250908-11:36:00: Reject sent for message 4925: Unsupported Message Type
20250908-11:36:00: Reject sent for message 4926: Unsupported Message Type
20250908-11:36:00: Reject sent for message 4927: Unsupported Message Type
20250908-11:36:00: Reject sent for message 4928: Unsupported Message Type
20250908-11:36:00: Reject sent for message 4929: Unsupported Message Type
20250908-11:36:00: Reject sent for message 4930: Unsupported Message Type
20250908-11:36:00: Reject sent for message 4931: Unsupported Message Type
20250908-11:36:00: Reject sent for message 4932: Unsupported Message Type
20250908-11:36:00: Reject sent for message 4933: Unsupported Message Type
20250908-11:36:00: Reject sent for message 4934: Unsupported Message Type
20250908-11:36:00: Reject sent for message 4935: Unsupported Message Type
20250908-11:36:00: Reject sent for message 4936: Unsupported Message Type
20250908-11:36:00: Reject sent for message 4937: Unsupported Message Type
20250908-11:36:00: Reject sent for message 4938: Unsupported Message Type
20250908-11:36:00: Reject sent for message 4939: Unsupported Message Type
20250908-11:36:00: Reject sent for message 4940: Unsupported Message Type
20250908-11:36:00: Reject sent for message 4941: Unsupported Message Type
20250908-11:36:00: Reject sent for message 4942: Unsupported Message Type
20250908-11:36:00: Reject sent for message 4943: Unsupported Message Type
20250908-11:36:00: Reject sent for message 4944: Unsupported Message Type
20250908-11:36:00: Reject sent for message 4945: Unsupported Message Type
20250908-11:36:00: Reject sent for message 4946: Unsupported Message Type
20250908-11:36:00: Reject sent for message 4947: Unsupported Message Type
20250908-11:36:00: Reject sent for message 4948: Unsupported Message Type
20250908-11:36:00: Reject sent for message 4949: Unsupported Message Type
20250908-11:36:00: Reject sent for message 4950: Unsupported Message Type
20250908-11:36:00: Reject sent for message 4951: Unsupported Message Type
20250908-11:36:00: Reject sent for message 4952: Unsupported Message Type
20250908-11:36:00: Reject sent for message 4953: Unsupported Message Type
20250908-11:36:00: Reject sent for message 4954: Unsupported Message Type
20250908-11:36:00: Reject sent for message 4955: Unsupported Message Type
20250908-11:36:00: Reject sent for message 4956: Unsupported Message Type
20250908-11:36:00: Reject sent for message 4957: Unsupported Message Type
20250908-11:36:00: Reject sent for message 4958: Unsupported Message Type
20250908-11:36:00: Reject sent for message 4959: Unsupported Message Type
20250908-11:36:00: Reject sent for message 4960: Unsupported Message Type
20250908-11:36:00: Reject sent for message 4961: Unsupported Message Type
20250908-11:36:01: Reject sent for message 4962: Unsupported Message Type
20250908-11:36:01: Reject sent for message 4963: Unsupported Message Type
20250908-11:36:01: Reject sent for message 4964: Unsupported Message Type
20250908-11:36:01: Reject sent for message 4965: Unsupported Message Type
20250908-11:36:01: Reject sent for message 4966: Unsupported Message Type
20250908-11:36:01: Reject sent for message 4967: Unsupported Message Type
20250908-11:36:01: Reject sent for message 4968: Unsupported Message Type
20250908-11:36:01: Reject sent for message 4969: Unsupported Message Type
20250908-11:36:01: Reject sent for message 4970: Unsupported Message Type
20250908-11:36:01: Reject sent for message 4971: Unsupported Message Type
20250908-11:36:01: Reject sent for message 4972: Unsupported Message Type
20250908-11:36:01: Reject sent for message 4973: Unsupported Message Type
20250908-11:36:01: Reject sent for message 4974: Unsupported Message Type
20250908-11:36:01: Reject sent for message 4975: Unsupported Message Type
20250908-11:36:01: Reject sent for message 4976: Unsupported Message Type
20250908-11:36:01: Reject sent for message 4977: Unsupported Message Type
20250908-11:36:01: Reject sent for message 4978: Unsupported Message Type
20250908-11:36:01: Reject sent for message 4979: Unsupported Message Type
20250908-11:36:01: Reject sent for message 4980: Unsupported Message Type
20250908-11:36:01: Reject sent for message 4981: Unsupported Message Type
20250908-11:36:01: Reject sent for message 4982: Unsupported Message Type
20250908-11:36:01: Reject sent for message 4983: Unsupported Message Type
20250908-11:36:01: Reject sent for message 4984: Unsupported Message Type
20250908-11:36:01: Reject sent for message 4985: Unsupported Message Type
20250908-11:36:01: Reject sent for message 4986: Unsupported Message Type
20250908-11:36:01: Reject sent for message 4987: Unsupported Message Type
20250908-11:36:01: Reject sent for message 4988: Unsupported Message Type
20250908-11:36:01: Reject sent for message 4989: Unsupported Message Type
20250908-11:36:01: Reject sent for message 4990: Unsupported Message Type
20250908-11:36:01: Reject sent for message 4991: Unsupported Message Type
20250908-11:36:01: Reject sent for message 4992: Unsupported Message Type
20250908-11:36:01: Reject sent for message 4993: Unsupported Message Type
20250908-11:36:01: Reject sent for message 4994: Unsupported Message Type
20250908-11:36:01: Reject sent for message 4995: Unsupported Message Type
20250908-11:36:01: Reject sent for message 4996: Unsupported Message Type
20250908-11:36:01: Reject sent for message 4997: Unsupported Message Type
20250908-11:36:01: Reject sent for message 4998: Unsupported Message Type
20250908-11:36:01: Reject sent for message 4999: Unsupported Message Type
20250908-11:36:01: Reject sent for message 5000: Unsupported Message Type
20250908-11:36:01: Reject sent for message 5001: Unsupported Message Type
20250908-11:36:01: Reject sent for message 5002: Unsupported Message Type
20250908-11:36:01: Reject sent for message 5003: Unsupported Message Type
20250908-11:36:01: Reject sent for message 5004: Unsupported Message Type
20250908-11:36:01: Reject sent for message 5005: Unsupported Message Type
20250908-11:36:01: Reject sent for message 5006: Unsupported Message Type
20250908-11:36:01: Reject sent for message 5007: Unsupported Message Type
20250908-11:36:01: Reject sent for message 5008: Unsupported Message Type
20250908-11:36:01: Reject sent for message 5009: Unsupported Message Type
20250908-11:36:01: Reject sent for message 5010: Unsupported Message Type
20250908-11:36:01: Reject sent for message 5011: Unsupported Message Type
20250908-11:36:01: Reject sent for message 5012: Unsupported Message Type
20250908-11:36:01: Reject sent for message 5013: Unsupported Message Type
20250908-11:36:01: Reject sent for message 5014: Unsupported Message Type
20250908-11:36:01: Reject sent for message 5015: Unsupported Message Type
20250908-11:36:01: Reject sent for message 5016: Unsupported Message Type
20250908-11:36:01: Reject sent for message 5017: Unsupported Message Type
20250908-11:36:01: Reject sent for message 5018: Unsupported Message Type
20250908-11:36:01: Reject sent for message 5019: Unsupported Message Type
20250908-11:36:01: Reject sent for message 5020: Unsupported Message Type
20250908-11:36:01: Reject sent for message 5021: Unsupported Message Type
20250908-11:36:01: Reject sent for message 5022: Unsupported Message Type
20250908-11:36:01: Reject sent for message 5023: Unsupported Message Type
20250908-11:36:01: Reject sent for message 5024: Unsupported Message Type
20250908-11:36:01: Reject sent for message 5025: Unsupported Message Type
20250908-11:36:01: Reject sent for message 5026: Unsupported Message Type
20250908-11:36:01: Reject sent for message 5027: Unsupported Message Type
20250908-11:36:01: Reject sent for message 5028: Unsupported Message Type
20250908-11:36:01: Reject sent for message 5029: Unsupported Message Type
20250908-11:36:01: Reject sent for message 5030: Unsupported Message Type
20250908-11:36:01: Reject sent for message 5031: Unsupported Message Type
20250908-11:36:01: Reject sent for message 5032: Unsupported Message Type
20250908-11:36:01: Reject sent for message 5033: Unsupported Message Type
20250908-11:36:01: Reject sent for message 5034: Unsupported Message Type
20250908-11:36:01: Reject sent for message 5035: Unsupported Message Type
20250908-11:36:01: Reject sent for message 5036: Unsupported Message Type
20250908-11:36:01: Reject sent for message 5037: Unsupported Message Type
20250908-11:36:01: Reject sent for message 5038: Unsupported Message Type
20250908-11:36:01: Reject sent for message 5039: Unsupported Message Type
20250908-11:36:01: Reject sent for message 5040: Unsupported Message Type
20250908-11:36:01: Reject sent for message 5041: Unsupported Message Type
20250908-11:36:01: Reject sent for message 5042: Unsupported Message Type
20250908-11:36:01: Reject sent for message 5043: Unsupported Message Type
20250908-11:36:01: Reject sent for message 5044: Unsupported Message Type
20250908-11:36:01: Reject sent for message 5045: Unsupported Message Type
20250908-11:36:01: Reject sent for message 5046: Unsupported Message Type
20250908-11:36:01: Reject sent for message 5047: Unsupported Message Type
20250908-11:36:01: Reject sent for message 5048: Unsupported Message Type
20250908-11:36:01: Reject sent for message 5049: Unsupported Message Type
20250908-11:36:01: Reject sent for message 5050: Unsupported Message Type
20250908-11:36:01: Reject sent for message 5051: Unsupported Message Type
20250908-11:36:01: Reject sent for message 5052: Unsupported Message Type
20250908-11:36:01: Reject sent for message 5053: Unsupported Message Type
20250908-11:36:01: Reject sent for message 5054: Unsupported Message Type
20250908-11:36:01: Reject sent for message 5055: Unsupported Message Type
20250908-11:36:01: Reject sent for message 5056: Unsupported Message Type
20250908-11:36:01: Reject sent for message 5057: Unsupported Message Type
20250908-11:36:01: Reject sent for message 5058: Unsupported Message Type
20250908-11:36:01: Reject sent for message 5059: Unsupported Message Type
20250908-11:36:01: Reject sent for message 5060: Unsupported Message Type
20250908-11:36:01: Reject sent for message 5061: Unsupported Message Type
20250908-11:36:01: Reject sent for message 5062: Unsupported Message Type
20250908-11:36:01: Reject sent for message 5063: Unsupported Message Type
20250908-11:36:01: Reject sent for message 5064: Unsupported Message Type
20250908-11:36:01: Reject sent for message 5065: Unsupported Message Type
20250908-11:36:01: Reject sent for message 5066: Unsupported Message Type
20250908-11:36:01: Reject sent for message 5067: Unsupported Message Type
20250908-11:36:01: Reject sent for message 5068: Unsupported Message Type
20250908-11:36:01: Reject sent for message 5069: Unsupported Message Type
20250908-11:36:01: Reject sent for message 5070: Unsupported Message Type
20250908-11:36:01: Reject sent for message 5071: Unsupported Message Type
20250908-11:36:01: Reject sent for message 5072: Unsupported Message Type
20250908-11:36:01: Reject sent for message 5073: Unsupported Message Type
20250908-11:36:01: Reject sent for message 5074: Unsupported Message Type
20250908-11:36:01: Reject sent for message 5075: Unsupported Message Type
20250908-11:36:01: Reject sent for message 5076: Unsupported Message Type
20250908-11:36:01: Reject sent for message 5077: Unsupported Message Type
20250908-11:36:01: Reject sent for message 5078: Unsupported Message Type
20250908-11:36:01: Reject sent for message 5079: Unsupported Message Type
20250908-11:36:01: Reject sent for message 5080: Unsupported Message Type
20250908-11:36:01: Reject sent for message 5081: Unsupported Message Type
20250908-11:36:01: Reject sent for message 5082: Unsupported Message Type
20250908-11:36:01: Reject sent for message 5083: Unsupported Message Type
20250908-11:36:01: Reject sent for message 5084: Unsupported Message Type
20250908-11:36:01: Reject sent for message 5085: Unsupported Message Type
20250908-11:36:01: Reject sent for message 5086: Unsupported Message Type
20250908-11:36:01: Reject sent for message 5087: Unsupported Message Type
20250908-11:36:01: Reject sent for message 5088: Unsupported Message Type
20250908-11:36:01: Reject sent for message 5089: Unsupported Message Type
20250908-11:36:01: Reject sent for message 5090: Unsupported Message Type
20250908-11:36:01: Reject sent for message 5091: Unsupported Message Type
20250908-11:36:01: Reject sent for message 5092: Unsupported Message Type
20250908-11:36:01: Reject sent for message 5093: Unsupported Message Type
20250908-11:36:01: Reject sent for message 5094: Unsupported Message Type
20250908-11:36:01: Reject sent for message 5095: Unsupported Message Type
20250908-11:36:01: Reject sent for message 5096: Unsupported Message Type
20250908-11:36:01: Reject sent for message 5097: Unsupported Message Type
20250908-11:36:01: Reject sent for message 5098: Unsupported Message Type
20250908-11:36:01: Reject sent for message 5099: Unsupported Message Type
20250908-11:36:01: Reject sent for message 5100: Unsupported Message Type
20250908-11:36:01: Reject sent for message 5101: Unsupported Message Type
20250908-11:36:01: Reject sent for message 5102: Unsupported Message Type
20250908-11:36:01: Reject sent for message 5103: Unsupported Message Type
20250908-11:36:01: Reject sent for message 5104: Unsupported Message Type
20250908-11:36:01: Reject sent for message 5105: Unsupported Message Type
20250908-11:36:01: Reject sent for message 5106: Unsupported Message Type
20250908-11:36:01: Reject sent for message 5107: Unsupported Message Type
20250908-11:36:01: Reject sent for message 5108: Unsupported Message Type
20250908-11:36:01: Reject sent for message 5109: Unsupported Message Type
20250908-11:36:01: Reject sent for message 5110: Unsupported Message Type
20250908-11:36:01: Reject sent for message 5111: Unsupported Message Type
20250908-11:36:01: Reject sent for message 5112: Unsupported Message Type
20250908-11:36:01: Reject sent for message 5113: Unsupported Message Type
20250908-11:36:01: Reject sent for message 5114: Unsupported Message Type
20250908-11:36:01: Reject sent for message 5115: Unsupported Message Type
20250908-11:36:01: Reject sent for message 5116: Unsupported Message Type
20250908-11:36:01: Reject sent for message 5117: Unsupported Message Type
20250908-11:36:01: Reject sent for message 5118: Unsupported Message Type
20250908-11:36:01: Reject sent for message 5119: Unsupported Message Type
20250908-11:36:01: Reject sent for message 5120: Unsupported Message Type
20250908-11:36:01: Reject sent for message 5121: Unsupported Message Type
20250908-11:36:01: Reject sent for message 5122: Unsupported Message Type
20250908-11:36:01: Reject sent for message 5123: Unsupported Message Type
20250908-11:36:01: Reject sent for message 5124: Unsupported Message Type
20250908-11:36:01: Reject sent for message 5125: Unsupported Message Type
20250908-11:36:01: Reject sent for message 5126: Unsupported Message Type
20250908-11:36:01: Reject sent for message 5127: Unsupported Message Type
20250908-11:36:01: Reject sent for message 5128: Unsupported Message Type
20250908-11:36:01: Reject sent for message 5129: Unsupported Message Type
20250908-11:36:01: Reject sent for message 5130: Unsupported Message Type
20250908-11:36:01: Reject sent for message 5131: Unsupported Message Type
20250908-11:36:01: Reject sent for message 5132: Unsupported Message Type
20250908-11:36:01: Reject sent for message 5133: Unsupported Message Type
20250908-11:36:01: Reject sent for message 5134: Unsupported Message Type
20250908-11:36:01: Reject sent for message 5135: Unsupported Message Type
20250908-11:36:01: Reject sent for message 5136: Unsupported Message Type
20250908-11:36:01: Reject sent for message 5137: Unsupported Message Type
20250908-11:36:01: Reject sent for message 5138: Unsupported Message Type
20250908-11:36:01: Reject sent for message 5139: Unsupported Message Type
20250908-11:36:01: Reject sent for message 5140: Unsupported Message Type
20250908-11:36:01: Reject sent for message 5141: Unsupported Message Type
20250908-11:36:01: Reject sent for message 5142: Unsupported Message Type
20250908-11:36:01: Reject sent for message 5143: Unsupported Message Type
20250908-11:36:01: Reject sent for message 5144: Unsupported Message Type
20250908-11:36:01: Reject sent for message 5145: Unsupported Message Type
20250908-11:36:01: Reject sent for message 5146: Unsupported Message Type
20250908-11:36:01: Reject sent for message 5147: Unsupported Message Type
20250908-11:36:01: Reject sent for message 5148: Unsupported Message Type
20250908-11:36:01: Reject sent for message 5149: Unsupported Message Type
20250908-11:36:01: Reject sent for message 5150: Unsupported Message Type
20250908-11:36:01: Reject sent for message 5151: Unsupported Message Type
20250908-11:36:01: Reject sent for message 5152: Unsupported Message Type
20250908-11:36:01: Reject sent for message 5153: Unsupported Message Type
20250908-11:36:01: Reject sent for message 5154: Unsupported Message Type
20250908-11:36:01: Reject sent for message 5155: Unsupported Message Type
20250908-11:36:01: Reject sent for message 5156: Unsupported Message Type
20250908-11:36:01: Reject sent for message 5157: Unsupported Message Type
20250908-11:36:01: Reject sent for message 5158: Unsupported Message Type
20250908-11:36:01: Reject sent for message 5159: Unsupported Message Type
20250908-11:36:01: Reject sent for message 5160: Unsupported Message Type
20250908-11:36:01: Reject sent for message 5161: Unsupported Message Type
20250908-11:36:01: Reject sent for message 5162: Unsupported Message Type
20250908-11:36:01: Reject sent for message 5163: Unsupported Message Type
20250908-11:36:01: Reject sent for message 5164: Unsupported Message Type
20250908-11:36:01: Reject sent for message 5165: Unsupported Message Type
20250908-11:36:01: Reject sent for message 5166: Unsupported Message Type
20250908-11:36:01: Reject sent for message 5167: Unsupported Message Type
20250908-11:36:01: Reject sent for message 5168: Unsupported Message Type
20250908-11:36:01: Reject sent for message 5169: Unsupported Message Type
20250908-11:36:01: Reject sent for message 5170: Unsupported Message Type
20250908-11:36:01: Reject sent for message 5171: Unsupported Message Type
20250908-11:36:01: Reject sent for message 5172: Unsupported Message Type
20250908-11:36:01: Reject sent for message 5173: Unsupported Message Type
20250908-11:36:01: Reject sent for message 5174: Unsupported Message Type
20250908-11:36:01: Reject sent for message 5175: Unsupported Message Type
20250908-11:36:01: Reject sent for message 5176: Unsupported Message Type
20250908-11:36:01: Reject sent for message 5177: Unsupported Message Type
20250908-11:36:01: Reject sent for message 5178: Unsupported Message Type
20250908-11:36:01: Reject sent for message 5179: Unsupported Message Type
20250908-11:36:01: Reject sent for message 5180: Unsupported Message Type
20250908-11:36:02: Reject sent for message 5181: Unsupported Message Type
20250908-11:36:02: Reject sent for message 5182: Unsupported Message Type
20250908-11:36:02: Reject sent for message 5183: Unsupported Message Type
20250908-11:36:02: Reject sent for message 5184: Unsupported Message Type
20250908-11:36:02: Reject sent for message 5185: Unsupported Message Type
20250908-11:36:02: Reject sent for message 5186: Unsupported Message Type
20250908-11:36:02: Reject sent for message 5187: Unsupported Message Type
20250908-11:36:02: Reject sent for message 5188: Unsupported Message Type
20250908-11:36:02: Reject sent for message 5189: Unsupported Message Type
20250908-11:36:02: Reject sent for message 5190: Unsupported Message Type
20250908-11:36:02: Reject sent for message 5191: Unsupported Message Type
20250908-11:36:02: Reject sent for message 5192: Unsupported Message Type
20250908-11:36:02: Reject sent for message 5193: Unsupported Message Type
20250908-11:36:02: Reject sent for message 5194: Unsupported Message Type
20250908-11:36:02: Reject sent for message 5195: Unsupported Message Type
20250908-11:36:02: Reject sent for message 5196: Unsupported Message Type
20250908-11:36:02: Reject sent for message 5197: Unsupported Message Type
20250908-11:36:02: Reject sent for message 5198: Unsupported Message Type
20250908-11:36:02: Reject sent for message 5199: Unsupported Message Type
20250908-11:36:02: Reject sent for message 5200: Unsupported Message Type
20250908-11:36:02: Reject sent for message 5201: Unsupported Message Type
20250908-11:36:02: Reject sent for message 5202: Unsupported Message Type
20250908-11:36:02: Reject sent for message 5203: Unsupported Message Type
20250908-11:36:02: Reject sent for message 5204: Unsupported Message Type
20250908-11:36:02: Reject sent for message 5205: Unsupported Message Type
20250908-11:36:02: Reject sent for message 5206: Unsupported Message Type
20250908-11:36:02: Reject sent for message 5207: Unsupported Message Type
20250908-11:36:02: Reject sent for message 5208: Unsupported Message Type
20250908-11:36:02: Reject sent for message 5209: Unsupported Message Type
20250908-11:36:02: Reject sent for message 5210: Unsupported Message Type
20250908-11:36:02: Reject sent for message 5211: Unsupported Message Type
20250908-11:36:02: Reject sent for message 5212: Unsupported Message Type
20250908-11:36:02: Reject sent for message 5213: Unsupported Message Type
20250908-11:36:02: Reject sent for message 5214: Unsupported Message Type
20250908-11:36:02: Reject sent for message 5215: Unsupported Message Type
20250908-11:36:02: Reject sent for message 5216: Unsupported Message Type
20250908-11:36:02: Reject sent for message 5217: Unsupported Message Type
20250908-11:36:02: Reject sent for message 5218: Unsupported Message Type
20250908-11:36:02: Reject sent for message 5219: Unsupported Message Type
20250908-11:36:02: Reject sent for message 5220: Unsupported Message Type
20250908-11:36:02: Reject sent for message 5221: Unsupported Message Type
20250908-11:36:02: Reject sent for message 5222: Unsupported Message Type
20250908-11:36:02: Reject sent for message 5223: Unsupported Message Type
20250908-11:36:02: Reject sent for message 5224: Unsupported Message Type
20250908-11:36:02: Reject sent for message 5225: Unsupported Message Type
20250908-11:36:02: Reject sent for message 5226: Unsupported Message Type
20250908-11:36:02: Reject sent for message 5227: Unsupported Message Type
20250908-11:36:02: Reject sent for message 5228: Unsupported Message Type
20250908-11:36:02: Reject sent for message 5229: Unsupported Message Type
20250908-11:36:02: Reject sent for message 5230: Unsupported Message Type
20250908-11:36:02: Reject sent for message 5231: Unsupported Message Type
20250908-11:36:02: Reject sent for message 5232: Unsupported Message Type
20250908-11:36:02: Reject sent for message 5233: Unsupported Message Type
20250908-11:36:02: Reject sent for message 5234: Unsupported Message Type
20250908-11:36:02: Reject sent for message 5235: Unsupported Message Type
20250908-11:36:02: Reject sent for message 5236: Unsupported Message Type
20250908-11:36:02: Reject sent for message 5237: Unsupported Message Type
20250908-11:36:02: Reject sent for message 5238: Unsupported Message Type
20250908-11:36:02: Reject sent for message 5239: Unsupported Message Type
20250908-11:36:02: Reject sent for message 5240: Unsupported Message Type
20250908-11:36:02: Reject sent for message 5241: Unsupported Message Type
20250908-11:36:02: Reject sent for message 5242: Unsupported Message Type
20250908-11:36:02: Reject sent for message 5243: Unsupported Message Type
20250908-11:36:02: Reject sent for message 5244: Unsupported Message Type
20250908-11:36:02: Reject sent for message 5245: Unsupported Message Type
20250908-11:36:02: Reject sent for message 5246: Unsupported Message Type
20250908-11:36:02: Reject sent for message 5247: Unsupported Message Type
20250908-11:36:02: Reject sent for message 5248: Unsupported Message Type
20250908-11:36:02: Reject sent for message 5249: Unsupported Message Type
20250908-11:36:02: Reject sent for message 5250: Unsupported Message Type
20250908-11:36:02: Reject sent for message 5251: Unsupported Message Type
20250908-11:36:02: Reject sent for message 5252: Unsupported Message Type
20250908-11:36:02: Reject sent for message 5253: Unsupported Message Type
20250908-11:36:02: Reject sent for message 5254: Unsupported Message Type
20250908-11:36:02: Reject sent for message 5255: Unsupported Message Type
20250908-11:36:02: Reject sent for message 5256: Unsupported Message Type
20250908-11:36:02: Reject sent for message 5257: Unsupported Message Type
20250908-11:36:02: Reject sent for message 5258: Unsupported Message Type
20250908-11:36:02: Reject sent for message 5259: Unsupported Message Type
20250908-11:36:02: Reject sent for message 5260: Unsupported Message Type
20250908-11:36:02: Reject sent for message 5261: Unsupported Message Type
20250908-11:36:02: Reject sent for message 5262: Unsupported Message Type
20250908-11:36:02: Reject sent for message 5263: Unsupported Message Type
20250908-11:36:02: Reject sent for message 5264: Unsupported Message Type
20250908-11:36:02: Reject sent for message 5265: Unsupported Message Type
20250908-11:36:02: Reject sent for message 5266: Unsupported Message Type
20250908-11:36:02: Reject sent for message 5267: Unsupported Message Type
20250908-11:36:02: Reject sent for message 5268: Unsupported Message Type
20250908-11:36:02: Reject sent for message 5269: Unsupported Message Type
20250908-11:36:02: Reject sent for message 5270: Unsupported Message Type
20250908-11:36:02: Reject sent for message 5271: Unsupported Message Type
20250908-11:36:02: Reject sent for message 5272: Unsupported Message Type
20250908-11:36:02: Reject sent for message 5273: Unsupported Message Type
20250908-11:36:02: Reject sent for message 5274: Unsupported Message Type
20250908-11:36:02: Reject sent for message 5275: Unsupported Message Type
20250908-11:36:02: Reject sent for message 5276: Unsupported Message Type
20250908-11:36:02: Reject sent for message 5277: Unsupported Message Type
20250908-11:36:02: Reject sent for message 5278: Unsupported Message Type
20250908-11:36:02: Reject sent for message 5279: Unsupported Message Type
20250908-11:36:02: Reject sent for message 5280: Unsupported Message Type
20250908-11:36:02: Reject sent for message 5281: Unsupported Message Type
20250908-11:36:02: Reject sent for message 5282: Unsupported Message Type
20250908-11:36:02: Reject sent for message 5283: Unsupported Message Type
20250908-11:36:02: Reject sent for message 5284: Unsupported Message Type
20250908-11:36:02: Reject sent for message 5285: Unsupported Message Type
20250908-11:36:02: Reject sent for message 5286: Unsupported Message Type
20250908-11:36:02: Reject sent for message 5287: Unsupported Message Type
20250908-11:36:02: Reject sent for message 5288: Unsupported Message Type
20250908-11:36:02: Reject sent for message 5289: Unsupported Message Type
20250908-11:36:02: Reject sent for message 5290: Unsupported Message Type
20250908-11:36:02: Reject sent for message 5291: Unsupported Message Type
20250908-11:36:02: Reject sent for message 5292: Unsupported Message Type
20250908-11:36:02: Reject sent for message 5293: Unsupported Message Type
20250908-11:36:02: Reject sent for message 5294: Unsupported Message Type
20250908-11:36:02: Reject sent for message 5295: Unsupported Message Type
20250908-11:36:02: Reject sent for message 5296: Unsupported Message Type
20250908-11:36:02: Reject sent for message 5297: Unsupported Message Type
20250908-11:36:02: Reject sent for message 5298: Unsupported Message Type
20250908-11:36:02: Reject sent for message 5299: Unsupported Message Type
20250908-11:36:02: Reject sent for message 5300: Unsupported Message Type
20250908-11:36:02: Reject sent for message 5301: Unsupported Message Type
20250908-11:36:02: Reject sent for message 5302: Unsupported Message Type
20250908-11:36:02: Reject sent for message 5303: Unsupported Message Type
20250908-11:36:02: Reject sent for message 5304: Unsupported Message Type
20250908-11:36:02: Reject sent for message 5305: Unsupported Message Type
20250908-11:36:02: Reject sent for message 5306: Unsupported Message Type
20250908-11:36:02: Reject sent for message 5307: Unsupported Message Type
20250908-11:36:02: Reject sent for message 5308: Unsupported Message Type
20250908-11:36:03: Reject sent for message 5309: Unsupported Message Type
20250908-11:36:03: Reject sent for message 5310: Unsupported Message Type
20250908-11:36:03: Reject sent for message 5311: Unsupported Message Type
20250908-11:36:03: Reject sent for message 5312: Unsupported Message Type
20250908-11:36:03: Reject sent for message 5313: Unsupported Message Type
20250908-11:36:03: Reject sent for message 5314: Unsupported Message Type
20250908-11:36:03: Reject sent for message 5315: Unsupported Message Type
20250908-11:36:03: Reject sent for message 5316: Unsupported Message Type
20250908-11:36:03: Reject sent for message 5317: Unsupported Message Type
20250908-11:36:03: Reject sent for message 5318: Unsupported Message Type
20250908-11:36:03: Reject sent for message 5319: Unsupported Message Type
20250908-11:36:03: Reject sent for message 5320: Unsupported Message Type
20250908-11:36:03: Reject sent for message 5321: Unsupported Message Type
20250908-11:36:03: Reject sent for message 5322: Unsupported Message Type
20250908-11:36:03: Reject sent for message 5323: Unsupported Message Type
20250908-11:36:03: Reject sent for message 5324: Unsupported Message Type
20250908-11:36:03: Reject sent for message 5325: Unsupported Message Type
20250908-11:36:03: Reject sent for message 5326: Unsupported Message Type
20250908-11:36:03: Reject sent for message 5327: Unsupported Message Type
20250908-11:36:03: Reject sent for message 5328: Unsupported Message Type
20250908-11:36:03: Reject sent for message 5329: Unsupported Message Type
20250908-11:36:03: Reject sent for message 5330: Unsupported Message Type
20250908-11:36:03: Reject sent for message 5331: Unsupported Message Type
20250908-11:36:03: Reject sent for message 5332: Unsupported Message Type
20250908-11:36:03: Reject sent for message 5333: Unsupported Message Type
20250908-11:36:03: Reject sent for message 5334: Unsupported Message Type
20250908-11:36:03: Reject sent for message 5335: Unsupported Message Type
20250908-11:36:03: Reject sent for message 5336: Unsupported Message Type
20250908-11:36:03: Reject sent for message 5337: Unsupported Message Type
20250908-11:36:03: Reject sent for message 5338: Unsupported Message Type
20250908-11:36:03: Reject sent for message 5339: Unsupported Message Type
20250908-11:36:03: Reject sent for message 5340: Unsupported Message Type
20250908-11:36:03: Reject sent for message 5341: Unsupported Message Type
20250908-11:36:03: Reject sent for message 5342: Unsupported Message Type
20250908-11:36:03: Reject sent for message 5343: Unsupported Message Type
20250908-11:36:03: Reject sent for message 5344: Unsupported Message Type
20250908-11:36:03: Reject sent for message 5345: Unsupported Message Type
20250908-11:36:03: Reject sent for message 5346: Unsupported Message Type
20250908-11:36:03: Reject sent for message 5347: Unsupported Message Type
20250908-11:36:03: Reject sent for message 5348: Unsupported Message Type
20250908-11:36:03: Reject sent for message 5349: Unsupported Message Type
20250908-11:36:03: Reject sent for message 5350: Unsupported Message Type
20250908-11:36:03: Reject sent for message 5351: Unsupported Message Type
20250908-11:36:03: Reject sent for message 5352: Unsupported Message Type
20250908-11:36:03: Reject sent for message 5353: Unsupported Message Type
20250908-11:36:03: Reject sent for message 5354: Unsupported Message Type
20250908-11:36:03: Reject sent for message 5355: Unsupported Message Type
20250908-11:36:03: Reject sent for message 5356: Unsupported Message Type
20250908-11:36:03: Reject sent for message 5357: Unsupported Message Type
20250908-11:36:03: Reject sent for message 5358: Unsupported Message Type
20250908-11:36:03: Reject sent for message 5359: Unsupported Message Type
20250908-11:36:03: Reject sent for message 5360: Unsupported Message Type
20250908-11:36:03: Reject sent for message 5361: Unsupported Message Type
20250908-11:36:03: Reject sent for message 5362: Unsupported Message Type
20250908-11:36:03: Reject sent for message 5363: Unsupported Message Type
20250908-11:36:03: Reject sent for message 5364: Unsupported Message Type
20250908-11:36:03: Reject sent for message 5365: Unsupported Message Type
20250908-11:36:03: Reject sent for message 5366: Unsupported Message Type
20250908-11:36:03: Reject sent for message 5367: Unsupported Message Type
20250908-11:36:03: Reject sent for message 5368: Unsupported Message Type
20250908-11:36:03: Reject sent for message 5369: Unsupported Message Type
20250908-11:36:03: Reject sent for message 5370: Unsupported Message Type
20250908-11:36:03: Reject sent for message 5371: Unsupported Message Type
20250908-11:36:03: Reject sent for message 5372: Unsupported Message Type
20250908-11:36:03: Reject sent for message 5373: Unsupported Message Type
20250908-11:36:03: Reject sent for message 5374: Unsupported Message Type
20250908-11:36:03: Reject sent for message 5375: Unsupported Message Type
20250908-11:36:03: Reject sent for message 5376: Unsupported Message Type
20250908-11:36:03: Reject sent for message 5377: Unsupported Message Type
20250908-11:36:04: Reject sent for message 5378: Unsupported Message Type
20250908-11:36:04: Reject sent for message 5379: Unsupported Message Type
20250908-11:36:04: Reject sent for message 5380: Unsupported Message Type
20250908-11:36:04: Reject sent for message 5381: Unsupported Message Type
20250908-11:36:04: Reject sent for message 5382: Unsupported Message Type
20250908-11:36:04: Reject sent for message 5383: Unsupported Message Type
20250908-11:36:04: Reject sent for message 5384: Unsupported Message Type
20250908-11:36:04: Reject sent for message 5385: Unsupported Message Type
20250908-11:36:04: Reject sent for message 5386: Unsupported Message Type
20250908-11:36:04: Reject sent for message 5387: Unsupported Message Type
